number,value,datetime_start,datetime_complete,duration,params_acceleration_down,params_acceleration_up,params_interval,params_lowess_fraction,params_velocity_down,params_velocity_up,state
468,141.4526458876957,2022-09-21 17:58:41.989966,2022-09-21 17:58:42.448129,0 days 00:00:00.458163,-0.05,0.05,6h,25,-0.09999999999999998,0.4,COMPLETE
462,141.4526458876957,2022-09-21 17:58:33.773531,2022-09-21 17:58:34.237219,0 days 00:00:00.463688,-0.05,0.05,6h,25,-0.09999999999999998,0.4,COMPLETE
455,141.4526458876957,2022-09-21 17:58:28.866446,2022-09-21 17:58:29.322735,0 days 00:00:00.456289,-0.05,0.05,6h,25,-0.09999999999999998,0.4,COMPLETE
458,141.4526458876957,2022-09-21 17:58:30.225918,2022-09-21 17:58:30.684493,0 days 00:00:00.458575,-0.05,0.05,6h,25,-0.09999999999999998,0.4,COMPLETE
424,141.4526458876957,2022-09-21 17:58:07.662127,2022-09-21 17:58:08.120068,0 days 00:00:00.457941,-0.05,0.05,6h,25,-0.09999999999999998,0.4,COMPLETE
427,141.4526458876957,2022-09-21 17:58:09.060964,2022-09-21 17:58:09.513126,0 days 00:00:00.452162,-0.05,0.05,6h,25,-0.09999999999999998,0.4,COMPLETE
423,141.44378302200047,2022-09-21 17:58:07.202619,2022-09-21 17:58:07.661596,0 days 00:00:00.458977,-0.05,0.05,6h,25,-0.09999999999999998,0.45,COMPLETE
370,141.44378302200047,2022-09-21 17:57:29.038109,2022-09-21 17:57:29.490214,0 days 00:00:00.452105,-0.05,0.05,6h,25,-0.09999999999999998,0.45,COMPLETE
354,141.44378302200047,2022-09-21 17:57:14.638668,2022-09-21 17:57:15.090667,0 days 00:00:00.451999,-0.05,0.05,6h,25,-0.09999999999999998,0.45,COMPLETE
443,141.44378302200047,2022-09-21 17:58:23.421073,2022-09-21 17:58:23.876838,0 days 00:00:00.455765,-0.05,0.05,6h,25,-0.09999999999999998,0.45,COMPLETE
358,141.44378302200047,2022-09-21 17:57:18.210389,2022-09-21 17:57:18.659688,0 days 00:00:00.449299,-0.05,0.05,6h,25,-0.09999999999999998,0.45,COMPLETE
410,141.44378302200047,2022-09-21 17:57:56.049500,2022-09-21 17:57:56.500130,0 days 00:00:00.450630,-0.05,0.05,6h,25,-0.09999999999999998,0.45,COMPLETE
415,141.44378302200047,2022-09-21 17:58:03.620126,2022-09-21 17:58:04.075739,0 days 00:00:00.455613,-0.05,0.05,6h,25,-0.09999999999999998,0.45,COMPLETE
486,137.5327651241781,2022-09-21 17:58:50.624379,2022-09-21 17:58:51.078168,0 days 00:00:00.453789,-0.05,0.05,6h,25,-0.09999999999999998,0.35000000000000003,COMPLETE
481,137.5327651241781,2022-09-21 17:58:48.011490,2022-09-21 17:58:48.466792,0 days 00:00:00.455302,-0.05,0.05,6h,25,-0.09999999999999998,0.35000000000000003,COMPLETE
479,137.5327651241781,2022-09-21 17:58:47.102634,2022-09-21 17:58:47.557404,0 days 00:00:00.454770,-0.05,0.05,6h,25,-0.09999999999999998,0.35000000000000003,COMPLETE
476,137.5327651241781,2022-09-21 17:58:45.731505,2022-09-21 17:58:46.186367,0 days 00:00:00.454862,-0.05,0.05,6h,25,-0.09999999999999998,0.35000000000000003,COMPLETE
464,137.5327651241781,2022-09-21 17:58:34.696665,2022-09-21 17:58:35.147985,0 days 00:00:00.451320,-0.05,0.05,6h,25,-0.09999999999999998,0.35000000000000003,COMPLETE
465,137.5327651241781,2022-09-21 17:58:35.148535,2022-09-21 17:58:35.603381,0 days 00:00:00.454846,-0.05,0.05,6h,25,-0.09999999999999998,0.35000000000000003,COMPLETE
483,137.5327651241781,2022-09-21 17:58:48.909734,2022-09-21 17:58:49.399319,0 days 00:00:00.489585,-0.05,0.05,6h,25,-0.09999999999999998,0.35000000000000003,COMPLETE
339,134.17090611863617,2022-09-21 17:57:07.832006,2022-09-21 17:57:08.283687,0 days 00:00:00.451681,-0.05,0.05,6h,25,-0.09999999999999998,0.5,COMPLETE
345,134.17090611863617,2022-09-21 17:57:10.529117,2022-09-21 17:57:10.987342,0 days 00:00:00.458225,-0.05,0.05,6h,25,-0.09999999999999998,0.5,COMPLETE
335,134.17090611863617,2022-09-21 17:57:00.593316,2022-09-21 17:57:01.048104,0 days 00:00:00.454788,-0.05,0.05,6h,25,-0.09999999999999998,0.5,COMPLETE
348,134.17090611863617,2022-09-21 17:57:11.901222,2022-09-21 17:57:12.359816,0 days 00:00:00.458594,-0.05,0.05,6h,25,-0.09999999999999998,0.5,COMPLETE
352,134.17090611863617,2022-09-21 17:57:13.715103,2022-09-21 17:57:14.171548,0 days 00:00:00.456445,-0.05,0.05,6h,25,-0.09999999999999998,0.5,COMPLETE
334,134.17090611863617,2022-09-21 17:57:00.132490,2022-09-21 17:57:00.592866,0 days 00:00:00.460376,-0.05,0.05,6h,25,-0.09999999999999998,0.5,COMPLETE
362,134.17090611863617,2022-09-21 17:57:20.014964,2022-09-21 17:57:20.462629,0 days 00:00:00.447665,-0.05,0.05,6h,25,-0.09999999999999998,0.5,COMPLETE
379,134.17090611863617,2022-09-21 17:57:33.133432,2022-09-21 17:57:33.580899,0 days 00:00:00.447467,-0.05,0.05,6h,25,-0.09999999999999998,0.5,COMPLETE
309,134.17090611863617,2022-09-21 17:56:41.831489,2022-09-21 17:56:42.299870,0 days 00:00:00.468381,-0.05,0.05,6h,25,-0.09999999999999998,0.5,COMPLETE
402,134.17090611863617,2022-09-21 17:57:50.639673,2022-09-21 17:57:51.094820,0 days 00:00:00.455147,-0.05,0.05,6h,25,-0.09999999999999998,0.5,COMPLETE
405,134.17090611863617,2022-09-21 17:57:51.992799,2022-09-21 17:57:52.441099,0 days 00:00:00.448300,-0.05,0.05,6h,25,-0.09999999999999998,0.5,COMPLETE
440,134.17090611863617,2022-09-21 17:58:16.733988,2022-09-21 17:58:17.192665,0 days 00:00:00.458677,-0.05,0.05,6h,25,-0.09999999999999998,0.5,COMPLETE
469,124.1834627491588,2022-09-21 17:58:42.448674,2022-09-21 17:58:42.907780,0 days 00:00:00.459106,-0.05,0.05,6h,25,-0.1499999999999999,0.3,COMPLETE
293,122.6511030081967,2022-09-21 17:56:33.041427,2022-09-21 17:56:33.499705,0 days 00:00:00.458278,-0.05,0.05,6h,25,-0.09999999999999998,0.55,COMPLETE
289,122.6511030081967,2022-09-21 17:56:31.235477,2022-09-21 17:56:31.690135,0 days 00:00:00.454658,-0.05,0.05,6h,25,-0.09999999999999998,0.55,COMPLETE
291,122.6511030081967,2022-09-21 17:56:32.140971,2022-09-21 17:56:32.589784,0 days 00:00:00.448813,-0.05,0.05,6h,25,-0.09999999999999998,0.55,COMPLETE
290,122.6511030081967,2022-09-21 17:56:31.690574,2022-09-21 17:56:32.140524,0 days 00:00:00.449950,-0.05,0.05,6h,25,-0.09999999999999998,0.55,COMPLETE
294,122.6511030081967,2022-09-21 17:56:33.500149,2022-09-21 17:56:33.960517,0 days 00:00:00.460368,-0.05,0.05,6h,25,-0.09999999999999998,0.55,COMPLETE
278,122.6511030081967,2022-09-21 17:56:20.962647,2022-09-21 17:56:21.416738,0 days 00:00:00.454091,-0.05,0.05,6h,25,-0.09999999999999998,0.55,COMPLETE
288,122.6511030081967,2022-09-21 17:56:30.776576,2022-09-21 17:56:31.235042,0 days 00:00:00.458466,-0.05,0.05,6h,25,-0.09999999999999998,0.55,COMPLETE
286,122.6511030081967,2022-09-21 17:56:29.867711,2022-09-21 17:56:30.320937,0 days 00:00:00.453226,-0.05,0.05,6h,25,-0.09999999999999998,0.55,COMPLETE
284,122.6511030081967,2022-09-21 17:56:29.018719,2022-09-21 17:56:29.468649,0 days 00:00:00.449930,-0.05,0.05,6h,25,-0.09999999999999998,0.55,COMPLETE
297,122.6511030081967,2022-09-21 17:56:34.865554,2022-09-21 17:56:35.317721,0 days 00:00:00.452167,-0.05,0.05,6h,25,-0.09999999999999998,0.55,COMPLETE
276,122.6511030081967,2022-09-21 17:56:18.543581,2022-09-21 17:56:19.005752,0 days 00:00:00.462171,-0.05,0.05,6h,25,-0.09999999999999998,0.55,COMPLETE
275,122.6511030081967,2022-09-21 17:56:18.079861,2022-09-21 17:56:18.543111,0 days 00:00:00.463250,-0.05,0.05,6h,25,-0.09999999999999998,0.55,COMPLETE
274,122.6511030081967,2022-09-21 17:56:17.631997,2022-09-21 17:56:18.079449,0 days 00:00:00.447452,-0.05,0.05,6h,25,-0.09999999999999998,0.55,COMPLETE
273,122.6511030081967,2022-09-21 17:56:17.186348,2022-09-21 17:56:17.631584,0 days 00:00:00.445236,-0.05,0.05,6h,25,-0.09999999999999998,0.55,COMPLETE
295,122.6511030081967,2022-09-21 17:56:33.960959,2022-09-21 17:56:34.416557,0 days 00:00:00.455598,-0.05,0.05,6h,25,-0.09999999999999998,0.55,COMPLETE
306,122.6511030081967,2022-09-21 17:56:40.464152,2022-09-21 17:56:40.914621,0 days 00:00:00.450469,-0.05,0.05,6h,25,-0.09999999999999998,0.55,COMPLETE
299,122.6511030081967,2022-09-21 17:56:35.773576,2022-09-21 17:56:36.225954,0 days 00:00:00.452378,-0.05,0.05,6h,25,-0.09999999999999998,0.55,COMPLETE
314,122.6511030081967,2022-09-21 17:56:49.506675,2022-09-21 17:56:49.964345,0 days 00:00:00.457670,-0.05,0.05,6h,25,-0.09999999999999998,0.55,COMPLETE
317,122.6511030081967,2022-09-21 17:56:50.881345,2022-09-21 17:56:51.331539,0 days 00:00:00.450194,-0.05,0.05,6h,25,-0.09999999999999998,0.55,COMPLETE
321,122.6511030081967,2022-09-21 17:56:52.679487,2022-09-21 17:56:53.128750,0 days 00:00:00.449263,-0.05,0.05,6h,25,-0.09999999999999998,0.55,COMPLETE
326,122.6511030081967,2022-09-21 17:56:54.946860,2022-09-21 17:56:55.398018,0 days 00:00:00.451158,-0.05,0.05,6h,25,-0.09999999999999998,0.55,COMPLETE
332,122.6511030081967,2022-09-21 17:56:59.191687,2022-09-21 17:56:59.647731,0 days 00:00:00.456044,-0.05,0.05,6h,25,-0.09999999999999998,0.55,COMPLETE
300,122.6511030081967,2022-09-21 17:56:36.226452,2022-09-21 17:56:36.676006,0 days 00:00:00.449554,-0.05,0.05,6h,25,-0.09999999999999998,0.55,COMPLETE
393,122.6511030081967,2022-09-21 17:57:46.550178,2022-09-21 17:57:47.011015,0 days 00:00:00.460837,-0.05,0.05,6h,25,-0.09999999999999998,0.55,COMPLETE
361,111.88746589661805,2022-09-21 17:57:19.559037,2022-09-21 17:57:20.014481,0 days 00:00:00.455444,-0.05,0.05,6h,25,-0.1499999999999999,0.4,COMPLETE
420,111.88746589661805,2022-09-21 17:58:05.843494,2022-09-21 17:58:06.293246,0 days 00:00:00.449752,-0.05,0.05,6h,25,-0.1499999999999999,0.4,COMPLETE
437,111.88746589661805,2022-09-21 17:58:15.389196,2022-09-21 17:58:15.838690,0 days 00:00:00.449494,-0.05,0.05,6h,25,-0.1499999999999999,0.4,COMPLETE
474,111.88746589661805,2022-09-21 17:58:44.785663,2022-09-21 17:58:45.249255,0 days 00:00:00.463592,-0.05,0.05,6h,25,-0.1499999999999999,0.4,COMPLETE
417,111.88044246477735,2022-09-21 17:58:04.552761,2022-09-21 17:58:05.007439,0 days 00:00:00.454678,-0.05,0.05,6h,25,-0.1499999999999999,0.45,COMPLETE
256,109.58373809445605,2022-09-21 17:56:04.048547,2022-09-21 17:56:04.503119,0 days 00:00:00.454572,-0.05,0.05,6h,25,-0.09999999999999998,0.6000000000000001,COMPLETE
261,109.58373809445605,2022-09-21 17:56:11.732474,2022-09-21 17:56:12.184843,0 days 00:00:00.452369,-0.05,0.05,6h,25,-0.09999999999999998,0.6000000000000001,COMPLETE
250,109.58373809445605,2022-09-21 17:55:59.771198,2022-09-21 17:56:00.244143,0 days 00:00:00.472945,-0.05,0.05,6h,25,-0.09999999999999998,0.6000000000000001,COMPLETE
251,109.58373809445605,2022-09-21 17:56:00.244579,2022-09-21 17:56:00.702728,0 days 00:00:00.458149,-0.05,0.05,6h,25,-0.09999999999999998,0.6000000000000001,COMPLETE
252,109.58373809445605,2022-09-21 17:56:00.703157,2022-09-21 17:56:01.167705,0 days 00:00:00.464548,-0.05,0.05,6h,25,-0.09999999999999998,0.6000000000000001,COMPLETE
253,109.58373809445605,2022-09-21 17:56:01.168139,2022-09-21 17:56:01.622465,0 days 00:00:00.454326,-0.05,0.05,6h,25,-0.09999999999999998,0.6000000000000001,COMPLETE
255,109.58373809445605,2022-09-21 17:56:03.580729,2022-09-21 17:56:04.048114,0 days 00:00:00.467385,-0.05,0.05,6h,25,-0.09999999999999998,0.6000000000000001,COMPLETE
257,109.58373809445605,2022-09-21 17:56:04.503546,2022-09-21 17:56:04.961326,0 days 00:00:00.457780,-0.05,0.05,6h,25,-0.09999999999999998,0.6000000000000001,COMPLETE
258,109.58373809445605,2022-09-21 17:56:04.961841,2022-09-21 17:56:05.425770,0 days 00:00:00.463929,-0.05,0.05,6h,25,-0.09999999999999998,0.6000000000000001,COMPLETE
266,109.58373809445605,2022-09-21 17:56:14.015797,2022-09-21 17:56:14.470370,0 days 00:00:00.454573,-0.05,0.05,6h,25,-0.09999999999999998,0.6000000000000001,COMPLETE
263,109.58373809445605,2022-09-21 17:56:12.633347,2022-09-21 17:56:13.094198,0 days 00:00:00.460851,-0.05,0.05,6h,25,-0.09999999999999998,0.6000000000000001,COMPLETE
265,109.58373809445605,2022-09-21 17:56:13.553296,2022-09-21 17:56:14.015370,0 days 00:00:00.462074,-0.05,0.05,6h,25,-0.09999999999999998,0.6000000000000001,COMPLETE
267,109.58373809445605,2022-09-21 17:56:14.470835,2022-09-21 17:56:14.935343,0 days 00:00:00.464508,-0.05,0.05,6h,25,-0.09999999999999998,0.6000000000000001,COMPLETE
270,109.58373809445605,2022-09-21 17:56:15.829914,2022-09-21 17:56:16.281843,0 days 00:00:00.451929,-0.05,0.05,6h,25,-0.09999999999999998,0.6000000000000001,COMPLETE
271,109.58373809445605,2022-09-21 17:56:16.282293,2022-09-21 17:56:16.732462,0 days 00:00:00.450169,-0.05,0.05,6h,25,-0.09999999999999998,0.6000000000000001,COMPLETE
272,109.58373809445605,2022-09-21 17:56:16.732930,2022-09-21 17:56:17.185918,0 days 00:00:00.452988,-0.05,0.05,6h,25,-0.09999999999999998,0.6000000000000001,COMPLETE
349,106.11700691549244,2022-09-21 17:57:12.360308,2022-09-21 17:57:12.810305,0 days 00:00:00.449997,-0.05,0.05,6h,25,-0.1499999999999999,0.5,COMPLETE
404,106.11700691549244,2022-09-21 17:57:51.543885,2022-09-21 17:57:51.992269,0 days 00:00:00.448384,-0.05,0.05,6h,25,-0.1499999999999999,0.5,COMPLETE
369,106.11700691549244,2022-09-21 17:57:28.576645,2022-09-21 17:57:29.037676,0 days 00:00:00.461031,-0.05,0.05,6h,25,-0.1499999999999999,0.5,COMPLETE
399,106.11700691549244,2022-09-21 17:57:49.271824,2022-09-21 17:57:49.725523,0 days 00:00:00.453699,-0.05,0.05,6h,25,-0.1499999999999999,0.5,COMPLETE
387,106.11700691549244,2022-09-21 17:57:38.458999,2022-09-21 17:57:38.906657,0 days 00:00:00.447658,-0.05,0.05,6h,25,-0.1499999999999999,0.5,COMPLETE
344,96.98806885567774,2022-09-21 17:57:10.076596,2022-09-21 17:57:10.528586,0 days 00:00:00.451990,-0.05,0.05,6h,25,-0.1499999999999999,0.55,COMPLETE
391,96.98806885567774,2022-09-21 17:57:45.645836,2022-09-21 17:57:46.098706,0 days 00:00:00.452870,-0.05,0.05,6h,25,-0.1499999999999999,0.55,COMPLETE
242,93.23571767440751,2022-09-21 17:55:56.075443,2022-09-21 17:55:56.544089,0 days 00:00:00.468646,-0.05,0.05,6h,25,-0.1499999999999999,0.6500000000000001,COMPLETE
241,93.23571767440751,2022-09-21 17:55:55.613736,2022-09-21 17:55:56.075054,0 days 00:00:00.461318,-0.05,0.05,6h,25,-0.1499999999999999,0.6500000000000001,COMPLETE
239,93.23571767440751,2022-09-21 17:55:54.710111,2022-09-21 17:55:55.176114,0 days 00:00:00.466003,-0.05,0.05,6h,25,-0.1499999999999999,0.6500000000000001,COMPLETE
238,93.23571767440751,2022-09-21 17:55:54.248968,2022-09-21 17:55:54.709725,0 days 00:00:00.460757,-0.05,0.05,6h,25,-0.1499999999999999,0.6500000000000001,COMPLETE
243,93.23571767440751,2022-09-21 17:55:56.544545,2022-09-21 17:55:57.010685,0 days 00:00:00.466140,-0.05,0.05,6h,25,-0.1499999999999999,0.6500000000000001,COMPLETE
244,93.23571767440751,2022-09-21 17:55:57.011133,2022-09-21 17:55:57.468188,0 days 00:00:00.457055,-0.05,0.05,6h,25,-0.1499999999999999,0.6500000000000001,COMPLETE
432,92.77803011601344,2022-09-21 17:58:11.359976,2022-09-21 17:58:11.816650,0 days 00:00:00.456674,-0.09999999999999998,0.05,6h,25,-0.09999999999999998,0.4,COMPLETE
428,92.77803011601344,2022-09-21 17:58:09.513724,2022-09-21 17:58:09.968951,0 days 00:00:00.455227,-0.09999999999999998,0.05,6h,25,-0.09999999999999998,0.4,COMPLETE
350,92.77219560110565,2022-09-21 17:57:12.810812,2022-09-21 17:57:13.263669,0 days 00:00:00.452857,-0.09999999999999998,0.05,6h,25,-0.09999999999999998,0.45,COMPLETE
384,92.77219560110565,2022-09-21 17:57:37.116927,2022-09-21 17:57:37.565872,0 days 00:00:00.448945,-0.09999999999999998,0.05,6h,25,-0.09999999999999998,0.45,COMPLETE
438,92.77219560110565,2022-09-21 17:58:15.839187,2022-09-21 17:58:16.288842,0 days 00:00:00.449655,-0.09999999999999998,0.05,6h,25,-0.09999999999999998,0.45,COMPLETE
436,92.77219560110565,2022-09-21 17:58:14.936978,2022-09-21 17:58:15.388715,0 days 00:00:00.451737,-0.09999999999999998,0.05,6h,25,-0.09999999999999998,0.45,COMPLETE
320,92.64495201556245,2022-09-21 17:56:52.216286,2022-09-21 17:56:52.679069,0 days 00:00:00.462783,-0.09999999999999998,0.05,6h,25,-0.09999999999999998,0.5,COMPLETE
343,92.64495201556245,2022-09-21 17:57:09.624972,2022-09-21 17:57:10.076073,0 days 00:00:00.451101,-0.09999999999999998,0.05,6h,25,-0.09999999999999998,0.5,COMPLETE
316,92.64495201556245,2022-09-21 17:56:50.427037,2022-09-21 17:56:50.880856,0 days 00:00:00.453819,-0.09999999999999998,0.05,6h,25,-0.09999999999999998,0.5,COMPLETE
373,92.64495201556245,2022-09-21 17:57:30.397005,2022-09-21 17:57:30.855279,0 days 00:00:00.458274,-0.09999999999999998,0.05,6h,25,-0.09999999999999998,0.5,COMPLETE
390,92.64495201556245,2022-09-21 17:57:45.190644,2022-09-21 17:57:45.645325,0 days 00:00:00.454681,-0.09999999999999998,0.05,6h,25,-0.09999999999999998,0.5,COMPLETE
310,92.64495201556245,2022-09-21 17:56:42.300313,2022-09-21 17:56:42.752888,0 days 00:00:00.452575,-0.09999999999999998,0.05,6h,25,-0.09999999999999998,0.5,COMPLETE
449,92.64495201556245,2022-09-21 17:58:26.178580,2022-09-21 17:58:26.631461,0 days 00:00:00.452881,-0.09999999999999998,0.05,6h,25,-0.09999999999999998,0.5,COMPLETE
249,86.6327560296773,2022-09-21 17:55:59.309674,2022-09-21 17:55:59.770727,0 days 00:00:00.461053,-0.05,0.05,6h,25,-0.1499999999999999,0.6000000000000001,COMPLETE
248,86.6327560296773,2022-09-21 17:55:58.849697,2022-09-21 17:55:59.309208,0 days 00:00:00.459511,-0.05,0.05,6h,25,-0.1499999999999999,0.6000000000000001,COMPLETE
247,86.6327560296773,2022-09-21 17:55:58.392823,2022-09-21 17:55:58.849233,0 days 00:00:00.456410,-0.05,0.05,6h,25,-0.1499999999999999,0.6000000000000001,COMPLETE
245,86.6327560296773,2022-09-21 17:55:57.468645,2022-09-21 17:55:57.933675,0 days 00:00:00.465030,-0.05,0.05,6h,25,-0.1499999999999999,0.6000000000000001,COMPLETE
246,86.6327560296773,2022-09-21 17:55:57.934098,2022-09-21 17:55:58.392359,0 days 00:00:00.458261,-0.05,0.05,6h,25,-0.1499999999999999,0.6000000000000001,COMPLETE
446,85.5043787087017,2022-09-21 17:58:24.798110,2022-09-21 17:58:25.252323,0 days 00:00:00.454213,-0.09999999999999998,0.05,6h,25,-0.1499999999999999,0.45,COMPLETE
340,85.38699714115359,2022-09-21 17:57:08.284251,2022-09-21 17:57:08.734734,0 days 00:00:00.450483,-0.09999999999999998,0.05,6h,25,-0.1499999999999999,0.5,COMPLETE
425,83.12926505900677,2022-09-21 17:58:08.120621,2022-09-21 17:58:08.594627,0 days 00:00:00.474006,-0.09999999999999998,0.05,6h,25,-0.1499999999999999,0.35000000000000003,COMPLETE
328,75.52523502033576,2022-09-21 17:56:55.852776,2022-09-21 17:56:56.314859,0 days 00:00:00.462083,-0.09999999999999998,0.05,6h,25,-0.09999999999999998,0.55,COMPLETE
307,75.52523502033576,2022-09-21 17:56:40.915100,2022-09-21 17:56:41.370582,0 days 00:00:00.455482,-0.09999999999999998,0.05,6h,25,-0.09999999999999998,0.55,COMPLETE
323,75.52523502033576,2022-09-21 17:56:53.576484,2022-09-21 17:56:54.030559,0 days 00:00:00.454075,-0.09999999999999998,0.05,6h,25,-0.09999999999999998,0.55,COMPLETE
302,75.52523502033576,2022-09-21 17:56:37.146579,2022-09-21 17:56:37.596952,0 days 00:00:00.450373,-0.09999999999999998,0.05,6h,25,-0.09999999999999998,0.55,COMPLETE
394,69.59414433603672,2022-09-21 17:57:47.011510,2022-09-21 17:57:47.472478,0 days 00:00:00.460968,-0.09999999999999998,0.05,6h,25,-0.1499999999999999,0.55,COMPLETE
333,69.59414433603672,2022-09-21 17:56:59.648192,2022-09-21 17:57:00.132034,0 days 00:00:00.483842,-0.09999999999999998,0.05,6h,25,-0.1499999999999999,0.55,COMPLETE
237,69.12973741776841,2022-09-21 17:55:53.790833,2022-09-21 17:55:54.248549,0 days 00:00:00.457716,-0.09999999999999998,0.05,6h,25,-0.1499999999999999,0.6500000000000001,COMPLETE
236,69.12973741776841,2022-09-21 17:55:53.311394,2022-09-21 17:55:53.790383,0 days 00:00:00.478989,-0.09999999999999998,0.05,6h,25,-0.1499999999999999,0.6500000000000001,COMPLETE
235,69.12973741776841,2022-09-21 17:55:52.851682,2022-09-21 17:55:53.310974,0 days 00:00:00.459292,-0.09999999999999998,0.05,6h,25,-0.1499999999999999,0.6500000000000001,COMPLETE
219,64.4029573583943,2022-09-21 17:55:45.480798,2022-09-21 17:55:45.940098,0 days 00:00:00.459300,-0.1499999999999999,0.1,6h,25,-0.25,0.6000000000000001,COMPLETE
484,57.13924184238459,2022-09-21 17:58:49.399782,2022-09-21 17:58:49.871685,0 days 00:00:00.471903,-0.09999999999999998,0.1,6h,25,-0.09999999999999998,0.3,COMPLETE
223,56.221819477008815,2022-09-21 17:55:47.338551,2022-09-21 17:55:47.790942,0 days 00:00:00.452391,-0.1499999999999999,0.1,6h,25,-0.19999999999999996,0.6500000000000001,COMPLETE
228,56.221819477008815,2022-09-21 17:55:49.638618,2022-09-21 17:55:50.097287,0 days 00:00:00.458669,-0.1499999999999999,0.1,6h,25,-0.19999999999999996,0.6500000000000001,COMPLETE
224,56.221819477008815,2022-09-21 17:55:47.791362,2022-09-21 17:55:48.245954,0 days 00:00:00.454592,-0.1499999999999999,0.1,6h,25,-0.19999999999999996,0.6500000000000001,COMPLETE
222,56.221819477008815,2022-09-21 17:55:46.870104,2022-09-21 17:55:47.338126,0 days 00:00:00.468022,-0.1499999999999999,0.1,6h,25,-0.19999999999999996,0.6500000000000001,COMPLETE
221,56.221819477008815,2022-09-21 17:55:46.402089,2022-09-21 17:55:46.869683,0 days 00:00:00.467594,-0.1499999999999999,0.1,6h,25,-0.19999999999999996,0.6500000000000001,COMPLETE
227,56.221819477008815,2022-09-21 17:55:49.176367,2022-09-21 17:55:49.638223,0 days 00:00:00.461856,-0.1499999999999999,0.1,6h,25,-0.19999999999999996,0.6500000000000001,COMPLETE
225,56.221819477008815,2022-09-21 17:55:48.246373,2022-09-21 17:55:48.706120,0 days 00:00:00.459747,-0.1499999999999999,0.1,6h,25,-0.19999999999999996,0.6500000000000001,COMPLETE
230,55.98511051609027,2022-09-21 17:55:50.551801,2022-09-21 17:55:51.011423,0 days 00:00:00.459622,-0.1499999999999999,0.1,6h,25,-0.1499999999999999,0.6500000000000001,COMPLETE
234,55.98511051609027,2022-09-21 17:55:52.376802,2022-09-21 17:55:52.851254,0 days 00:00:00.474452,-0.1499999999999999,0.1,6h,25,-0.1499999999999999,0.6500000000000001,COMPLETE
231,55.98511051609027,2022-09-21 17:55:51.011860,2022-09-21 17:55:51.467377,0 days 00:00:00.455517,-0.1499999999999999,0.1,6h,25,-0.1499999999999999,0.6500000000000001,COMPLETE
232,55.98511051609027,2022-09-21 17:55:51.467840,2022-09-21 17:55:51.920892,0 days 00:00:00.453052,-0.1499999999999999,0.1,6h,25,-0.1499999999999999,0.6500000000000001,COMPLETE
233,55.98511051609027,2022-09-21 17:55:51.921319,2022-09-21 17:55:52.376333,0 days 00:00:00.455014,-0.1499999999999999,0.1,6h,25,-0.1499999999999999,0.6500000000000001,COMPLETE
220,55.19355877644154,2022-09-21 17:55:45.940552,2022-09-21 17:55:46.401673,0 days 00:00:00.461121,-0.1499999999999999,0.1,6h,25,-0.25,0.6500000000000001,COMPLETE
197,55.19355877644154,2022-09-21 17:55:28.508308,2022-09-21 17:55:28.961696,0 days 00:00:00.453388,-0.1499999999999999,0.1,6h,25,-0.25,0.6500000000000001,COMPLETE
199,54.55840258844113,2022-09-21 17:55:29.418422,2022-09-21 17:55:29.878572,0 days 00:00:00.460150,-0.1499999999999999,0.1,6h,25,-0.25,0.7000000000000001,COMPLETE
346,54.17984625128488,2022-09-21 17:57:10.987857,2022-09-21 17:57:11.433941,0 days 00:00:00.446084,-0.09999999999999998,0.05,6h,25,-0.05,0.5,COMPLETE
377,54.17984625128488,2022-09-21 17:57:32.231758,2022-09-21 17:57:32.685064,0 days 00:00:00.453306,-0.09999999999999998,0.05,6h,25,-0.05,0.5,COMPLETE
457,53.75400246320592,2022-09-21 17:58:29.777830,2022-09-21 17:58:30.225383,0 days 00:00:00.447553,-0.09999999999999998,0.1,6h,25,-0.09999999999999998,0.4,COMPLETE
371,53.750595875935566,2022-09-21 17:57:29.490748,2022-09-21 17:57:29.944691,0 days 00:00:00.453943,-0.09999999999999998,0.1,6h,25,-0.09999999999999998,0.45,COMPLETE
422,53.750595875935566,2022-09-21 17:58:06.744646,2022-09-21 17:58:07.202106,0 days 00:00:00.457460,-0.09999999999999998,0.1,6h,25,-0.09999999999999998,0.45,COMPLETE
453,53.67630240242541,2022-09-21 17:58:27.986359,2022-09-21 17:58:28.444358,0 days 00:00:00.457999,-0.09999999999999998,0.1,6h,25,-0.09999999999999998,0.5,COMPLETE
396,53.67630240242541,2022-09-21 17:57:47.924421,2022-09-21 17:57:48.377468,0 days 00:00:00.453047,-0.09999999999999998,0.1,6h,25,-0.09999999999999998,0.5,COMPLETE
470,52.737715915791306,2022-09-21 17:58:42.908322,2022-09-21 17:58:43.369643,0 days 00:00:00.461321,-0.09999999999999998,0.05,6h,25,-0.05,0.35000000000000003,COMPLETE
212,51.5855268888431,2022-09-21 17:55:36.836148,2022-09-21 17:55:37.287074,0 days 00:00:00.450926,-0.1499999999999999,0.1,6h,25,-0.29999999999999993,0.6500000000000001,COMPLETE
201,51.5855268888431,2022-09-21 17:55:31.834349,2022-09-21 17:55:32.289770,0 days 00:00:00.455421,-0.1499999999999999,0.1,6h,25,-0.29999999999999993,0.6500000000000001,COMPLETE
213,51.5855268888431,2022-09-21 17:55:37.287514,2022-09-21 17:55:37.734679,0 days 00:00:00.447165,-0.1499999999999999,0.1,6h,25,-0.29999999999999993,0.6500000000000001,COMPLETE
202,51.5855268888431,2022-09-21 17:55:32.290223,2022-09-21 17:55:32.743661,0 days 00:00:00.453438,-0.1499999999999999,0.1,6h,25,-0.29999999999999993,0.6500000000000001,COMPLETE
204,51.5855268888431,2022-09-21 17:55:33.193978,2022-09-21 17:55:33.650757,0 days 00:00:00.456779,-0.1499999999999999,0.1,6h,25,-0.29999999999999993,0.6500000000000001,COMPLETE
205,51.5855268888431,2022-09-21 17:55:33.651154,2022-09-21 17:55:34.114318,0 days 00:00:00.463164,-0.1499999999999999,0.1,6h,25,-0.29999999999999993,0.6500000000000001,COMPLETE
206,51.5855268888431,2022-09-21 17:55:34.114697,2022-09-21 17:55:34.563948,0 days 00:00:00.449251,-0.1499999999999999,0.1,6h,25,-0.29999999999999993,0.6500000000000001,COMPLETE
208,51.5855268888431,2022-09-21 17:55:35.033859,2022-09-21 17:55:35.488116,0 days 00:00:00.454257,-0.1499999999999999,0.1,6h,25,-0.29999999999999993,0.6500000000000001,COMPLETE
211,51.5855268888431,2022-09-21 17:55:36.386746,2022-09-21 17:55:36.835718,0 days 00:00:00.448972,-0.1499999999999999,0.1,6h,25,-0.29999999999999993,0.6500000000000001,COMPLETE
209,51.5855268888431,2022-09-21 17:55:35.488544,2022-09-21 17:55:35.937704,0 days 00:00:00.449160,-0.1499999999999999,0.1,6h,25,-0.29999999999999993,0.6500000000000001,COMPLETE
195,50.99115231051132,2022-09-21 17:55:27.600524,2022-09-21 17:55:28.051141,0 days 00:00:00.450617,-0.1499999999999999,0.1,6h,25,-0.29999999999999993,0.7000000000000001,COMPLETE
194,50.99115231051132,2022-09-21 17:55:27.149277,2022-09-21 17:55:27.600097,0 days 00:00:00.450820,-0.1499999999999999,0.1,6h,25,-0.29999999999999993,0.7000000000000001,COMPLETE
193,50.99115231051132,2022-09-21 17:55:26.701446,2022-09-21 17:55:27.148855,0 days 00:00:00.447409,-0.1499999999999999,0.1,6h,25,-0.29999999999999993,0.7000000000000001,COMPLETE
133,50.086423305285095,2022-09-21 17:54:54.538065,2022-09-21 17:54:54.758199,0 days 00:00:00.220134,-0.1499999999999999,0.1,12h,25,-0.44999999999999996,0.6000000000000001,COMPLETE
137,47.56537543087892,2022-09-21 17:55:01.266033,2022-09-21 17:55:01.720591,0 days 00:00:00.454558,-0.1499999999999999,0.15000000000000002,6h,25,-0.35,0.6000000000000001,COMPLETE
136,47.56537543087892,2022-09-21 17:55:00.804926,2022-09-21 17:55:01.265576,0 days 00:00:00.460650,-0.1499999999999999,0.15000000000000002,6h,25,-0.35,0.6000000000000001,COMPLETE
463,47.527697010155926,2022-09-21 17:58:34.237803,2022-09-21 17:58:34.696168,0 days 00:00:00.458365,-0.09999999999999998,0.1,6h,25,-0.1499999999999999,0.4,COMPLETE
442,47.458832546598934,2022-09-21 17:58:22.964864,2022-09-21 17:58:23.420513,0 days 00:00:00.455649,-0.09999999999999998,0.1,6h,25,-0.1499999999999999,0.5,COMPLETE
191,46.942601484686165,2022-09-21 17:55:25.785642,2022-09-21 17:55:26.242506,0 days 00:00:00.456864,-0.1499999999999999,0.1,6h,25,-0.29999999999999993,0.7500000000000001,COMPLETE
141,46.64011113080462,2022-09-21 17:55:03.114761,2022-09-21 17:55:03.563696,0 days 00:00:00.448935,-0.1499999999999999,0.15000000000000002,6h,25,-0.3999999999999999,0.6000000000000001,COMPLETE
456,46.20298321186507,2022-09-21 17:58:29.323277,2022-09-21 17:58:29.777275,0 days 00:00:00.453998,-0.05,0.05,6h,25,-0.05,0.4,COMPLETE
452,46.200046420498275,2022-09-21 17:58:27.530827,2022-09-21 17:58:27.985801,0 days 00:00:00.454974,-0.05,0.05,6h,25,-0.05,0.45,COMPLETE
395,46.200046420498275,2022-09-21 17:57:47.472990,2022-09-21 17:57:47.923883,0 days 00:00:00.450893,-0.05,0.05,6h,25,-0.05,0.45,COMPLETE
342,46.200046420498275,2022-09-21 17:57:09.171098,2022-09-21 17:57:09.624483,0 days 00:00:00.453385,-0.05,0.05,6h,25,-0.05,0.45,COMPLETE
372,46.200046420498275,2022-09-21 17:57:29.945196,2022-09-21 17:57:30.396470,0 days 00:00:00.451274,-0.05,0.05,6h,25,-0.05,0.45,COMPLETE
351,46.200046420498275,2022-09-21 17:57:13.264180,2022-09-21 17:57:13.714598,0 days 00:00:00.450418,-0.05,0.05,6h,25,-0.05,0.45,COMPLETE
477,46.19235651982988,2022-09-21 17:58:46.186936,2022-09-21 17:58:46.643859,0 days 00:00:00.456923,-0.09999999999999998,0.1,6h,25,-0.1499999999999999,0.35000000000000003,COMPLETE
129,46.16146988217365,2022-09-21 17:54:53.679839,2022-09-21 17:54:53.892617,0 days 00:00:00.212778,-0.35,0.15000000000000002,12h,25,-0.44999999999999996,0.55,COMPLETE
192,45.94849121756354,2022-09-21 17:55:26.243073,2022-09-21 17:55:26.701016,0 days 00:00:00.457943,-0.1499999999999999,0.1,6h,25,-0.35,0.7000000000000001,COMPLETE
189,45.94849121756354,2022-09-21 17:55:24.873467,2022-09-21 17:55:25.322382,0 days 00:00:00.448915,-0.1499999999999999,0.1,6h,25,-0.35,0.7000000000000001,COMPLETE
187,45.94849121756354,2022-09-21 17:55:23.973717,2022-09-21 17:55:24.423089,0 days 00:00:00.449372,-0.1499999999999999,0.1,6h,25,-0.35,0.7000000000000001,COMPLETE
188,45.94849121756354,2022-09-21 17:55:24.423515,2022-09-21 17:55:24.873075,0 days 00:00:00.449560,-0.1499999999999999,0.1,6h,25,-0.35,0.7000000000000001,COMPLETE
466,44.904094976270606,2022-09-21 17:58:35.603878,2022-09-21 17:58:36.070993,0 days 00:00:00.467115,-0.05,0.05,6h,25,-0.05,0.35000000000000003,COMPLETE
408,43.79011233866933,2022-09-21 17:57:53.643540,2022-09-21 17:57:54.109300,0 days 00:00:00.465760,-0.05,0.05,6h,25,-0.05,0.5,COMPLETE
421,43.79011233866933,2022-09-21 17:58:06.293768,2022-09-21 17:58:06.744137,0 days 00:00:00.450369,-0.05,0.05,6h,25,-0.05,0.5,COMPLETE
386,43.79011233866933,2022-09-21 17:57:38.013461,2022-09-21 17:57:38.458442,0 days 00:00:00.444981,-0.05,0.05,6h,25,-0.05,0.5,COMPLETE
178,42.292612391202454,2022-09-21 17:55:19.894181,2022-09-21 17:55:20.350688,0 days 00:00:00.456507,-0.1499999999999999,0.1,6h,25,-0.35,0.7500000000000001,COMPLETE
471,42.14103941886599,2022-09-21 17:58:43.370188,2022-09-21 17:58:43.841428,0 days 00:00:00.471240,-0.05,0.1,6h,25,-0.09999999999999998,0.3,COMPLETE
186,41.46780442159157,2022-09-21 17:55:23.517365,2022-09-21 17:55:23.973256,0 days 00:00:00.455891,-0.1499999999999999,0.1,6h,25,-0.3999999999999999,0.7500000000000001,COMPLETE
134,41.46092087349205,2022-09-21 17:54:54.758607,2022-09-21 17:54:54.974980,0 days 00:00:00.216373,-0.1499999999999999,0.15000000000000002,12h,25,-0.44999999999999996,0.6000000000000001,COMPLETE
131,41.46092087349205,2022-09-21 17:54:54.117002,2022-09-21 17:54:54.324609,0 days 00:00:00.207607,-0.1499999999999999,0.15000000000000002,12h,25,-0.44999999999999996,0.6000000000000001,COMPLETE
308,39.97292053126162,2022-09-21 17:56:41.371058,2022-09-21 17:56:41.831023,0 days 00:00:00.459965,-0.05,0.05,6h,25,-0.05,0.55,COMPLETE
282,39.97292053126162,2022-09-21 17:56:22.742904,2022-09-21 17:56:23.191329,0 days 00:00:00.448425,-0.05,0.05,6h,25,-0.05,0.55,COMPLETE
303,39.97292053126162,2022-09-21 17:56:37.597421,2022-09-21 17:56:38.052180,0 days 00:00:00.454759,-0.05,0.05,6h,25,-0.05,0.55,COMPLETE
322,39.97292053126162,2022-09-21 17:56:53.129273,2022-09-21 17:56:53.575972,0 days 00:00:00.446699,-0.05,0.05,6h,25,-0.05,0.55,COMPLETE
305,39.97292053126162,2022-09-21 17:56:40.015381,2022-09-21 17:56:40.463668,0 days 00:00:00.448287,-0.05,0.05,6h,25,-0.05,0.55,COMPLETE
319,39.97292053126162,2022-09-21 17:56:51.761026,2022-09-21 17:56:52.215786,0 days 00:00:00.454760,-0.05,0.05,6h,25,-0.05,0.55,COMPLETE
315,39.97292053126162,2022-09-21 17:56:49.964805,2022-09-21 17:56:50.426559,0 days 00:00:00.461754,-0.05,0.05,6h,25,-0.05,0.55,COMPLETE
312,39.97292053126162,2022-09-21 17:56:48.567234,2022-09-21 17:56:49.029938,0 days 00:00:00.462704,-0.05,0.05,6h,25,-0.05,0.55,COMPLETE
280,39.97292053126162,2022-09-21 17:56:21.831168,2022-09-21 17:56:22.281581,0 days 00:00:00.450413,-0.05,0.05,6h,25,-0.05,0.55,COMPLETE
329,39.97292053126162,2022-09-21 17:56:56.315346,2022-09-21 17:56:56.773526,0 days 00:00:00.458180,-0.05,0.05,6h,25,-0.05,0.55,COMPLETE
287,39.97292053126162,2022-09-21 17:56:30.321375,2022-09-21 17:56:30.776170,0 days 00:00:00.454795,-0.05,0.05,6h,25,-0.05,0.55,COMPLETE
292,39.97292053126162,2022-09-21 17:56:32.590220,2022-09-21 17:56:33.040986,0 days 00:00:00.450766,-0.05,0.05,6h,25,-0.05,0.55,COMPLETE
296,39.97292053126162,2022-09-21 17:56:34.417051,2022-09-21 17:56:34.865078,0 days 00:00:00.448027,-0.05,0.05,6h,25,-0.05,0.55,COMPLETE
356,39.80654456710229,2022-09-21 17:57:17.029656,2022-09-21 17:57:17.761675,0 days 00:00:00.732019,-0.09999999999999998,0.05,4h,25,-0.05,0.5,COMPLETE
144,38.617234218170275,2022-09-21 17:55:04.477733,2022-09-21 17:55:04.926379,0 days 00:00:00.448646,-0.1499999999999999,0.15000000000000002,6h,25,-0.5,0.7000000000000001,COMPLETE
229,38.50272450169094,2022-09-21 17:55:50.097719,2022-09-21 17:55:50.551419,0 days 00:00:00.453700,-0.09999999999999998,0.1,6h,25,-0.19999999999999996,0.6500000000000001,COMPLETE
385,37.903562093505116,2022-09-21 17:57:37.566411,2022-09-21 17:57:38.012952,0 days 00:00:00.446541,-0.05,0.1,6h,25,-0.09999999999999998,0.4,COMPLETE
447,37.90114166077989,2022-09-21 17:58:25.252880,2022-09-21 17:58:25.708467,0 days 00:00:00.455587,-0.05,0.1,6h,25,-0.09999999999999998,0.45,COMPLETE
435,37.90114166077989,2022-09-21 17:58:14.479949,2022-09-21 17:58:14.936497,0 days 00:00:00.456548,-0.05,0.1,6h,25,-0.09999999999999998,0.45,COMPLETE
451,37.90114166077989,2022-09-21 17:58:27.076463,2022-09-21 17:58:27.530268,0 days 00:00:00.453805,-0.05,0.1,6h,25,-0.09999999999999998,0.45,COMPLETE
413,37.90114166077989,2022-09-21 17:57:57.361567,2022-09-21 17:57:57.815981,0 days 00:00:00.454414,-0.05,0.1,6h,25,-0.09999999999999998,0.45,COMPLETE
203,37.79287117053732,2022-09-21 17:55:32.744091,2022-09-21 17:55:33.193526,0 days 00:00:00.449435,-0.09999999999999998,0.1,6h,25,-0.25,0.6500000000000001,COMPLETE
210,37.79287117053732,2022-09-21 17:55:35.938136,2022-09-21 17:55:36.386310,0 days 00:00:00.448174,-0.09999999999999998,0.1,6h,25,-0.25,0.6500000000000001,COMPLETE
403,37.61417426365767,2022-09-21 17:57:51.095372,2022-09-21 17:57:51.543336,0 days 00:00:00.447964,-0.09999999999999998,0.1,6h,25,-0.05,0.45,COMPLETE
359,37.61417426365767,2022-09-21 17:57:18.660198,2022-09-21 17:57:19.111913,0 days 00:00:00.451715,-0.09999999999999998,0.1,6h,25,-0.05,0.45,COMPLETE
368,37.56177700501824,2022-09-21 17:57:28.114859,2022-09-21 17:57:28.576109,0 days 00:00:00.461250,-0.09999999999999998,0.1,6h,25,-0.05,0.5,COMPLETE
363,37.56177700501824,2022-09-21 17:57:20.463146,2022-09-21 17:57:20.928257,0 days 00:00:00.465111,-0.09999999999999998,0.1,6h,25,-0.05,0.5,COMPLETE
143,36.880593409823305,2022-09-21 17:55:04.020937,2022-09-21 17:55:04.477310,0 days 00:00:00.456373,-0.19999999999999996,0.15000000000000002,6h,25,-0.44999999999999996,0.7000000000000001,COMPLETE
185,36.31790742684732,2022-09-21 17:55:23.071086,2022-09-21 17:55:23.516940,0 days 00:00:00.445854,-0.1499999999999999,0.15000000000000002,6h,25,-0.3999999999999999,0.7500000000000001,COMPLETE
183,36.31790742684732,2022-09-21 17:55:22.166077,2022-09-21 17:55:22.618365,0 days 00:00:00.452288,-0.1499999999999999,0.15000000000000002,6h,25,-0.3999999999999999,0.7500000000000001,COMPLETE
181,36.31790742684732,2022-09-21 17:55:21.270440,2022-09-21 17:55:21.716388,0 days 00:00:00.445948,-0.1499999999999999,0.15000000000000002,6h,25,-0.3999999999999999,0.7500000000000001,COMPLETE
177,36.31790742684732,2022-09-21 17:55:19.445913,2022-09-21 17:55:19.893692,0 days 00:00:00.447779,-0.1499999999999999,0.15000000000000002,6h,25,-0.3999999999999999,0.7500000000000001,COMPLETE
459,36.04725317509457,2022-09-21 17:58:30.685065,2022-09-21 17:58:31.423845,0 days 00:00:00.738780,-0.09999999999999998,0.05,4h,25,-0.09999999999999998,0.4,COMPLETE
392,35.91493202286617,2022-09-21 17:57:46.099206,2022-09-21 17:57:46.549662,0 days 00:00:00.450456,-0.05,0.1,6h,25,-0.09999999999999998,0.5,COMPLETE
383,35.91493202286617,2022-09-21 17:57:36.664652,2022-09-21 17:57:37.116374,0 days 00:00:00.451722,-0.05,0.1,6h,25,-0.09999999999999998,0.5,COMPLETE
196,35.8531277491126,2022-09-21 17:55:28.051578,2022-09-21 17:55:28.507876,0 days 00:00:00.456298,-0.09999999999999998,0.1,6h,25,-0.29999999999999993,0.7000000000000001,COMPLETE
262,35.64293000842577,2022-09-21 17:56:12.185312,2022-09-21 17:56:12.632903,0 days 00:00:00.447591,-0.05,0.05,6h,25,-0.05,0.6000000000000001,COMPLETE
264,35.64293000842577,2022-09-21 17:56:13.094664,2022-09-21 17:56:13.552858,0 days 00:00:00.458194,-0.05,0.05,6h,25,-0.05,0.6000000000000001,COMPLETE
147,35.49115189519151,2022-09-21 17:55:05.825417,2022-09-21 17:55:06.274229,0 days 00:00:00.448812,-0.19999999999999996,0.15000000000000002,6h,25,-0.3999999999999999,0.8,COMPLETE
207,35.30208896627027,2022-09-21 17:55:34.564376,2022-09-21 17:55:35.033387,0 days 00:00:00.469011,-0.09999999999999998,0.1,6h,25,-0.29999999999999993,0.6500000000000001,COMPLETE
198,35.30208896627027,2022-09-21 17:55:28.962126,2022-09-21 17:55:29.417992,0 days 00:00:00.455866,-0.09999999999999998,0.1,6h,25,-0.29999999999999993,0.6500000000000001,COMPLETE
218,35.30208896627027,2022-09-21 17:55:45.022430,2022-09-21 17:55:45.480351,0 days 00:00:00.457921,-0.09999999999999998,0.1,6h,25,-0.29999999999999993,0.6500000000000001,COMPLETE
215,35.30208896627027,2022-09-21 17:55:38.183742,2022-09-21 17:55:38.637659,0 days 00:00:00.453917,-0.09999999999999998,0.1,6h,25,-0.29999999999999993,0.6500000000000001,COMPLETE
173,34.72289078996696,2022-09-21 17:55:17.628113,2022-09-21 17:55:18.080267,0 days 00:00:00.452154,-0.19999999999999996,0.15000000000000002,6h,25,-0.5,0.8,COMPLETE
130,34.47881182930593,2022-09-21 17:54:53.893011,2022-09-21 17:54:54.116626,0 days 00:00:00.223615,-0.19999999999999996,0.15000000000000002,12h,25,-0.3999999999999999,0.6000000000000001,COMPLETE
172,33.80986401241014,2022-09-21 17:55:17.175284,2022-09-21 17:55:17.627689,0 days 00:00:00.452405,-0.19999999999999996,0.15000000000000002,6h,25,-0.44999999999999996,0.8,COMPLETE
165,33.80986401241014,2022-09-21 17:55:14.003427,2022-09-21 17:55:14.446157,0 days 00:00:00.442730,-0.19999999999999996,0.15000000000000002,6h,25,-0.44999999999999996,0.8,COMPLETE
171,33.741693037864245,2022-09-21 17:55:16.721388,2022-09-21 17:55:17.174858,0 days 00:00:00.453470,-0.19999999999999996,0.15000000000000002,6h,25,-0.44999999999999996,0.8500000000000001,COMPLETE
150,33.741693037864245,2022-09-21 17:55:07.190406,2022-09-21 17:55:07.637327,0 days 00:00:00.446921,-0.19999999999999996,0.15000000000000002,6h,25,-0.44999999999999996,0.8500000000000001,COMPLETE
149,33.741693037864245,2022-09-21 17:55:06.740157,2022-09-21 17:55:07.190022,0 days 00:00:00.449865,-0.19999999999999996,0.15000000000000002,6h,25,-0.44999999999999996,0.8500000000000001,COMPLETE
152,33.741693037864245,2022-09-21 17:55:08.102350,2022-09-21 17:55:08.550824,0 days 00:00:00.448474,-0.19999999999999996,0.15000000000000002,6h,25,-0.44999999999999996,0.8500000000000001,COMPLETE
151,33.741693037864245,2022-09-21 17:55:07.637745,2022-09-21 17:55:08.101990,0 days 00:00:00.464245,-0.19999999999999996,0.15000000000000002,6h,25,-0.44999999999999996,0.8500000000000001,COMPLETE
160,33.741693037864245,2022-09-21 17:55:11.739797,2022-09-21 17:55:12.188070,0 days 00:00:00.448273,-0.19999999999999996,0.15000000000000002,6h,25,-0.44999999999999996,0.8500000000000001,COMPLETE
161,33.741693037864245,2022-09-21 17:55:12.188490,2022-09-21 17:55:12.634587,0 days 00:00:00.446097,-0.19999999999999996,0.15000000000000002,6h,25,-0.44999999999999996,0.8500000000000001,COMPLETE
374,33.47753097377766,2022-09-21 17:57:30.855811,2022-09-21 17:57:31.313171,0 days 00:00:00.457360,-0.05,0.1,6h,25,-0.1499999999999999,0.45,COMPLETE
378,33.47753097377766,2022-09-21 17:57:32.685559,2022-09-21 17:57:33.132928,0 days 00:00:00.447369,-0.05,0.1,6h,25,-0.1499999999999999,0.45,COMPLETE
472,33.24451566739864,2022-09-21 17:58:43.842018,2022-09-21 17:58:44.311070,0 days 00:00:00.469052,-0.05,0.05,6h,25,-1.0,0.3,COMPLETE
155,33.013313525263094,2022-09-21 17:55:09.460579,2022-09-21 17:55:09.909277,0 days 00:00:00.448698,-0.19999999999999996,0.15000000000000002,6h,25,-0.5,0.9000000000000001,COMPLETE
153,33.013313525263094,2022-09-21 17:55:08.551236,2022-09-21 17:55:09.008332,0 days 00:00:00.457096,-0.19999999999999996,0.15000000000000002,6h,25,-0.5,0.9000000000000001,COMPLETE
180,32.9833748363128,2022-09-21 17:55:20.815283,2022-09-21 17:55:21.270010,0 days 00:00:00.454727,-0.09999999999999998,0.1,6h,25,-0.29999999999999993,0.7500000000000001,COMPLETE
154,32.143981134875396,2022-09-21 17:55:09.008747,2022-09-21 17:55:09.460168,0 days 00:00:00.451421,-0.19999999999999996,0.15000000000000002,6h,25,-0.44999999999999996,0.9000000000000001,COMPLETE
184,31.644691216290354,2022-09-21 17:55:22.618757,2022-09-21 17:55:23.070660,0 days 00:00:00.451903,-0.09999999999999998,0.1,6h,25,-0.3999999999999999,0.7000000000000001,COMPLETE
324,31.62510423362718,2022-09-21 17:56:54.031044,2022-09-21 17:56:54.480962,0 days 00:00:00.449918,-0.55,0.05,6h,25,-0.09999999999999998,0.5,COMPLETE
106,31.441691794102148,2022-09-21 17:54:40.546985,2022-09-21 17:54:40.746402,0 days 00:00:00.199417,-0.29999999999999993,0.05,12h,30,-0.7,0.5,COMPLETE
123,30.828035155458355,2022-09-21 17:54:50.969320,2022-09-21 17:54:51.172820,0 days 00:00:00.203500,-0.29999999999999993,0.05,12h,30,-0.35,0.5,COMPLETE
126,30.009853812501518,2022-09-21 17:54:51.574157,2022-09-21 17:54:51.770474,0 days 00:00:00.196317,-0.25,0.05,12h,30,-0.7,0.5,COMPLETE
69,28.9973948349562,2022-09-21 17:54:32.886255,2022-09-21 17:54:33.079939,0 days 00:00:00.193684,-0.29999999999999993,0.05,12h,30,-0.55,0.5,COMPLETE
401,28.791341399841922,2022-09-21 17:57:50.187724,2022-09-21 17:57:50.639137,0 days 00:00:00.451413,-0.5,0.05,6h,25,-0.09999999999999998,0.55,COMPLETE
75,27.507865872395417,2022-09-21 17:54:34.055878,2022-09-21 17:54:34.258331,0 days 00:00:00.202453,-0.35,0.05,12h,30,-0.75,0.55,COMPLETE
74,27.507865872395417,2022-09-21 17:54:33.856043,2022-09-21 17:54:34.055489,0 days 00:00:00.199446,-0.35,0.05,12h,30,-0.75,0.55,COMPLETE
73,27.507865872395417,2022-09-21 17:54:33.662589,2022-09-21 17:54:33.855656,0 days 00:00:00.193067,-0.35,0.05,12h,30,-0.75,0.55,COMPLETE
114,27.507865872395417,2022-09-21 17:54:43.864209,2022-09-21 17:54:44.070151,0 days 00:00:00.205942,-0.35,0.05,12h,30,-0.75,0.6000000000000001,COMPLETE
430,27.30832978305445,2022-09-21 17:58:10.421061,2022-09-21 17:58:10.877165,0 days 00:00:00.456104,-0.05,0.1,6h,25,-0.05,0.4,COMPLETE
426,27.30832978305445,2022-09-21 17:58:08.595369,2022-09-21 17:58:09.060407,0 days 00:00:00.465038,-0.05,0.1,6h,25,-0.05,0.4,COMPLETE
71,26.989696062381537,2022-09-21 17:54:33.274436,2022-09-21 17:54:33.469132,0 days 00:00:00.194696,-0.29999999999999993,0.05,12h,30,-0.75,0.5,COMPLETE
88,26.753898173130956,2022-09-21 17:54:36.717110,2022-09-21 17:54:36.933306,0 days 00:00:00.216196,-0.3999999999999999,0.05,12h,30,-0.75,0.5,COMPLETE
103,26.409686703307454,2022-09-21 17:54:39.954158,2022-09-21 17:54:40.158954,0 days 00:00:00.204796,-0.29999999999999993,0.1,12h,30,-0.19999999999999996,0.5,COMPLETE
81,26.027469947323343,2022-09-21 17:54:35.249169,2022-09-21 17:54:35.449658,0 days 00:00:00.200489,-0.35,0.05,12h,30,-0.8,0.55,COMPLETE
122,26.027469947323343,2022-09-21 17:54:50.760211,2022-09-21 17:54:50.968924,0 days 00:00:00.208713,-0.35,0.05,12h,30,-0.8,0.5,COMPLETE
70,25.754350194171874,2022-09-21 17:54:33.080344,2022-09-21 17:54:33.274052,0 days 00:00:00.193708,-0.25,0.05,12h,30,-0.75,0.5,COMPLETE
91,25.482121575194594,2022-09-21 17:54:37.368054,2022-09-21 17:54:37.573391,0 days 00:00:00.205337,-0.29999999999999993,0.05,12h,30,-0.85,0.55,COMPLETE
162,25.422722339101412,2022-09-21 17:55:12.635004,2022-09-21 17:55:13.089865,0 days 00:00:00.454861,-0.1499999999999999,0.15000000000000002,6h,25,-0.3999999999999999,0.8,COMPLETE
111,25.312655326532845,2022-09-21 17:54:43.265151,2022-09-21 17:54:43.464229,0 days 00:00:00.199078,-0.3999999999999999,0.05,12h,30,-0.8,0.4,COMPLETE
121,25.312655326532845,2022-09-21 17:54:50.564204,2022-09-21 17:54:50.759801,0 days 00:00:00.195597,-0.3999999999999999,0.05,12h,30,-0.8,0.55,COMPLETE
95,25.259024176909488,2022-09-21 17:54:38.271225,2022-09-21 17:54:38.467605,0 days 00:00:00.196380,-0.3999999999999999,0.05,12h,30,-0.85,0.45,COMPLETE
99,25.199939975712187,2022-09-21 17:54:39.119875,2022-09-21 17:54:39.344230,0 days 00:00:00.224355,-0.25,0.1,12h,30,-0.19999999999999996,0.55,COMPLETE
174,24.866435436304172,2022-09-21 17:55:18.080688,2022-09-21 17:55:18.526857,0 days 00:00:00.446169,-0.1499999999999999,0.15000000000000002,6h,25,-0.5,0.8,COMPLETE
398,23.234899432499482,2022-09-21 17:57:48.803138,2022-09-21 17:57:49.271278,0 days 00:00:00.468140,-0.05,0.1,6h,25,-0.05,0.55,COMPLETE
82,22.678613629475517,2022-09-21 17:54:35.450024,2022-09-21 17:54:35.675893,0 days 00:00:00.225869,-0.35,0.05,12h,30,-0.8,0.7000000000000001,COMPLETE
117,22.222556888452388,2022-09-21 17:54:49.785077,2022-09-21 17:54:49.980886,0 days 00:00:00.195809,-0.35,0.05,12h,30,-0.3999999999999999,0.5,COMPLETE
281,21.05069381765898,2022-09-21 17:56:22.282031,2022-09-21 17:56:22.742456,0 days 00:00:00.460425,-0.05,0.05,6h,20,-0.09999999999999998,0.55,COMPLETE
301,21.05069381765898,2022-09-21 17:56:36.676516,2022-09-21 17:56:37.146080,0 days 00:00:00.469564,-0.05,0.05,6h,20,-0.09999999999999998,0.55,COMPLETE
366,20.961982817872457,2022-09-21 17:57:27.200467,2022-09-21 17:57:27.663552,0 days 00:00:00.463085,-0.05,0.05,6h,20,-0.09999999999999998,0.5,COMPLETE
376,20.961982817872457,2022-09-21 17:57:31.765425,2022-09-21 17:57:32.231220,0 days 00:00:00.465795,-0.05,0.05,6h,20,-0.09999999999999998,0.5,COMPLETE
431,20.828070300483546,2022-09-21 17:58:10.877725,2022-09-21 17:58:11.359420,0 days 00:00:00.481695,-0.05,0.05,6h,20,-0.09999999999999998,0.35000000000000003,COMPLETE
475,20.795966436375338,2022-09-21 17:58:45.249875,2022-09-21 17:58:45.730939,0 days 00:00:00.481064,-0.05,0.1,6h,20,-0.09999999999999998,0.35000000000000003,COMPLETE
460,20.659794454480075,2022-09-21 17:58:31.424424,2022-09-21 17:58:31.895087,0 days 00:00:00.470663,-0.05,0.1,6h,20,-0.1499999999999999,0.4,COMPLETE
260,20.642518089909785,2022-09-21 17:56:11.266969,2022-09-21 17:56:11.732029,0 days 00:00:00.465060,-0.05,0.05,6h,20,-0.09999999999999998,0.6000000000000001,COMPLETE
268,20.642518089909785,2022-09-21 17:56:14.935992,2022-09-21 17:56:15.403187,0 days 00:00:00.467195,-0.05,0.05,6h,20,-0.09999999999999998,0.6000000000000001,COMPLETE
337,20.484986139335206,2022-09-21 17:57:06.908293,2022-09-21 17:57:07.382989,0 days 00:00:00.474696,-0.05,0.05,6h,20,-0.09999999999999998,0.45,COMPLETE
85,20.155790207777844,2022-09-21 17:54:36.104155,2022-09-21 17:54:36.303744,0 days 00:00:00.199589,-0.35,0.05,12h,30,-0.95,0.55,COMPLETE
214,20.084613560590427,2022-09-21 17:55:37.735115,2022-09-21 17:55:38.183293,0 days 00:00:00.448178,-0.05,0.1,6h,25,-0.29999999999999993,0.6500000000000001,COMPLETE
485,19.8829197264124,2022-09-21 17:58:49.872197,2022-09-21 17:58:50.623863,0 days 00:00:00.751666,-0.05,0.05,4h,25,-0.05,0.35000000000000003,COMPLETE
407,18.82225825725121,2022-09-21 17:57:53.193799,2022-09-21 17:57:53.642995,0 days 00:00:00.449196,-0.6,0.05,6h,25,-0.1499999999999999,0.45,COMPLETE
365,18.801795803652745,2022-09-21 17:57:26.745785,2022-09-21 17:57:27.199935,0 days 00:00:00.454150,-0.6499999999999999,0.05,6h,25,-0.1499999999999999,0.45,COMPLETE
132,18.4914723697233,2022-09-21 17:54:54.325005,2022-09-21 17:54:54.537655,0 days 00:00:00.212650,-0.09999999999999998,0.15000000000000002,12h,25,-0.3999999999999999,0.6000000000000001,COMPLETE
105,17.839401214345564,2022-09-21 17:54:40.349640,2022-09-21 17:54:40.546561,0 days 00:00:00.196921,-0.35,0.1,12h,30,-0.05,0.45,COMPLETE
146,17.72537555237288,2022-09-21 17:55:05.375625,2022-09-21 17:55:05.825006,0 days 00:00:00.449381,-0.09999999999999998,0.15000000000000002,6h,25,-0.44999999999999996,0.7000000000000001,COMPLETE
445,17.708284799171505,2022-09-21 17:58:24.331784,2022-09-21 17:58:24.797541,0 days 00:00:00.465757,-0.75,0.05,6h,25,-0.09999999999999998,0.45,COMPLETE
139,17.445388241040977,2022-09-21 17:55:02.209219,2022-09-21 17:55:02.666507,0 days 00:00:00.457288,-0.09999999999999998,0.15000000000000002,6h,25,-0.44999999999999996,0.6500000000000001,COMPLETE
127,16.67933799710904,2022-09-21 17:54:51.770877,2022-09-21 17:54:51.970521,0 days 00:00:00.199644,-0.29999999999999993,0.1,12h,30,-0.25,0.5,COMPLETE
44,16.413041400911915,2022-09-21 17:54:02.679197,2022-09-21 17:54:03.477838,0 days 00:00:00.798641,-0.9,0.2,4h,25,-0.6,0.35000000000000003,COMPLETE
55,16.137780551229888,2022-09-21 17:54:17.875009,2022-09-21 17:54:18.618304,0 days 00:00:00.743295,-0.7,0.15000000000000002,4h,25,-0.7,0.3,COMPLETE
41,16.107418479896467,2022-09-21 17:54:00.670433,2022-09-21 17:54:01.456489,0 days 00:00:00.786056,-0.8,0.25,4h,25,-0.6499999999999999,0.35000000000000003,COMPLETE
80,15.980562856906465,2022-09-21 17:54:35.051889,2022-09-21 17:54:35.248814,0 days 00:00:00.196925,-0.29999999999999993,0.1,12h,30,-0.7,0.6000000000000001,COMPLETE
46,15.968152184938683,2022-09-21 17:54:04.282209,2022-09-21 17:54:05.039049,0 days 00:00:00.756840,-0.9,0.1,4h,25,-0.55,0.25,COMPLETE
90,15.966839265283964,2022-09-21 17:54:37.159304,2022-09-21 17:54:37.367699,0 days 00:00:00.208395,-0.44999999999999996,0.05,12h,30,-0.8,0.45,COMPLETE
61,15.909428615779355,2022-09-21 17:54:27.467521,2022-09-21 17:54:28.202945,0 days 00:00:00.735424,-0.95,0.2,4h,25,-0.6,0.3,COMPLETE
140,15.895323484542953,2022-09-21 17:55:02.666918,2022-09-21 17:55:03.114358,0 days 00:00:00.447440,-0.1499999999999999,0.2,6h,25,-0.35,0.6000000000000001,COMPLETE
138,15.895323484542953,2022-09-21 17:55:01.720995,2022-09-21 17:55:02.208851,0 days 00:00:00.487856,-0.1499999999999999,0.2,6h,25,-0.35,0.6000000000000001,COMPLETE
58,15.833895213556643,2022-09-21 17:54:19.740528,2022-09-21 17:54:20.472334,0 days 00:00:00.731806,-0.95,0.35000000000000003,4h,25,-0.6499999999999999,0.05,COMPLETE
38,15.790449933830597,2022-09-21 17:53:57.219636,2022-09-21 17:53:57.996341,0 days 00:00:00.776705,-0.9,0.25,4h,25,-0.55,0.3,COMPLETE
42,15.629657016203176,2022-09-21 17:54:01.456907,2022-09-21 17:54:02.223473,0 days 00:00:00.766566,-0.95,0.25,4h,25,-0.6,0.35000000000000003,COMPLETE
118,15.269870264857484,2022-09-21 17:54:49.981293,2022-09-21 17:54:50.176753,0 days 00:00:00.195460,-0.29999999999999993,0.1,12h,30,-0.6499999999999999,0.55,COMPLETE
34,15.179570102659829,2022-09-21 17:53:52.890220,2022-09-21 17:53:53.646305,0 days 00:00:00.756085,-0.8,0.5,4h,25,-0.8,0.45,COMPLETE
22,15.179570102659829,2022-09-21 17:53:42.525795,2022-09-21 17:53:43.324886,0 days 00:00:00.799091,-0.8,0.5,4h,25,-0.9,0.45,COMPLETE
23,15.069848051273068,2022-09-21 17:53:43.325222,2022-09-21 17:53:44.093605,0 days 00:00:00.768383,-0.8,0.6000000000000001,4h,25,-0.9,0.4,COMPLETE
33,15.069848051273068,2022-09-21 17:53:52.152617,2022-09-21 17:53:52.889846,0 days 00:00:00.737229,-0.8,0.55,4h,25,-0.8,0.4,COMPLETE
62,14.976384714431896,2022-09-21 17:54:28.203282,2022-09-21 17:54:28.931046,0 days 00:00:00.727764,-0.85,0.2,4h,25,-0.55,0.15000000000000002,COMPLETE
67,14.936007474653133,2022-09-21 17:54:31.362596,2022-09-21 17:54:32.103553,0 days 00:00:00.740957,-0.9,0.4,4h,25,-0.7,0.2,COMPLETE
66,14.922081449733142,2022-09-21 17:54:30.628252,2022-09-21 17:54:31.362214,0 days 00:00:00.733962,-0.85,0.1,4h,25,-0.3999999999999999,0.1,COMPLETE
31,14.63785648778877,2022-09-21 17:53:50.632259,2022-09-21 17:53:51.424139,0 days 00:00:00.791880,-0.75,0.6000000000000001,4h,25,-0.9,0.6000000000000001,COMPLETE
24,14.63785648778877,2022-09-21 17:53:44.093939,2022-09-21 17:53:44.878631,0 days 00:00:00.784692,-0.75,0.6500000000000001,4h,25,-0.9,0.45,COMPLETE
26,14.63785648778877,2022-09-21 17:53:45.637363,2022-09-21 17:53:46.414101,0 days 00:00:00.776738,-0.75,0.6500000000000001,4h,25,-0.9,0.7500000000000001,COMPLETE
98,14.584273891166372,2022-09-21 17:54:38.907153,2022-09-21 17:54:39.119335,0 days 00:00:00.212182,-0.1499999999999999,0.05,12h,30,-0.85,0.45,COMPLETE
30,14.275362436711339,2022-09-21 17:53:49.843520,2022-09-21 17:53:50.631921,0 days 00:00:00.788401,-0.6499999999999999,0.8500000000000001,4h,25,-0.9,0.15000000000000002,COMPLETE
92,14.178214066322044,2022-09-21 17:54:37.573768,2022-09-21 17:54:37.777349,0 days 00:00:00.203581,-0.19999999999999996,0.05,12h,30,-0.85,0.6000000000000001,COMPLETE
108,13.59257984254174,2022-09-21 17:54:40.956863,2022-09-21 17:54:41.158295,0 days 00:00:00.201432,-0.29999999999999993,0.1,12h,30,-0.8,0.5,COMPLETE
10,13.211741917656811,2022-09-21 17:53:20.630178,2022-09-21 17:53:27.242028,0 days 00:00:06.611850,-0.9,0.5,1h,20,-1.0,0.35000000000000003,COMPLETE
78,13.177253693390547,2022-09-21 17:54:34.652461,2022-09-21 17:54:34.850439,0 days 00:00:00.197978,-0.19999999999999996,0.05,12h,30,-0.85,0.6500000000000001,COMPLETE
11,13.093770886876063,2022-09-21 17:53:27.242362,2022-09-21 17:53:27.459762,0 days 00:00:00.217400,-0.9,0.45,12h,20,-1.0,0.3,COMPLETE
49,12.984433741351175,2022-09-21 17:54:06.365806,2022-09-21 17:54:07.283331,0 days 00:00:00.917525,-0.9,0.05,4h,25,-0.6499999999999999,0.15000000000000002,COMPLETE
179,12.768789910682157,2022-09-21 17:55:20.351111,2022-09-21 17:55:20.814862,0 days 00:00:00.463751,-0.1499999999999999,0.1,6h,20,-0.35,0.7500000000000001,COMPLETE
400,12.734508835603823,2022-09-21 17:57:49.726071,2022-09-21 17:57:50.187172,0 days 00:00:00.461101,-0.09999999999999998,0.35000000000000003,6h,20,-0.09999999999999998,0.55,COMPLETE
176,12.675467631435192,2022-09-21 17:55:18.994965,2022-09-21 17:55:19.445487,0 days 00:00:00.450522,-0.19999999999999996,0.2,6h,25,-0.5,0.7000000000000001,COMPLETE
190,12.390918088996365,2022-09-21 17:55:25.322807,2022-09-21 17:55:25.785210,0 days 00:00:00.462403,-0.09999999999999998,0.1,6h,20,-0.35,0.7000000000000001,COMPLETE
48,12.338685315155146,2022-09-21 17:54:05.525375,2022-09-21 17:54:06.365469,0 days 00:00:00.840094,-0.95,0.2,4h,20,-0.44999999999999996,0.25,COMPLETE
170,12.234606359579344,2022-09-21 17:55:16.266399,2022-09-21 17:55:16.720982,0 days 00:00:00.454583,-0.1499999999999999,0.2,6h,25,-0.35,0.7500000000000001,COMPLETE
182,12.234606359579344,2022-09-21 17:55:21.716810,2022-09-21 17:55:22.165677,0 days 00:00:00.448867,-0.1499999999999999,0.2,6h,25,-0.35,0.7500000000000001,COMPLETE
353,12.208766604509156,2022-09-21 17:57:14.172045,2022-09-21 17:57:14.638223,0 days 00:00:00.466178,-0.09999999999999998,0.05,6h,20,-0.1499999999999999,0.5,COMPLETE
313,12.208766604509156,2022-09-21 17:56:49.030436,2022-09-21 17:56:49.506190,0 days 00:00:00.475754,-0.09999999999999998,0.05,6h,20,-0.09999999999999998,0.5,COMPLETE
59,12.185680752423625,2022-09-21 17:54:20.472706,2022-09-21 17:54:26.748867,0 days 00:00:06.276161,-0.6499999999999999,0.35000000000000003,1h,20,-0.6499999999999999,0.05,COMPLETE
487,12.128226554811414,2022-09-21 17:58:51.078680,2022-09-21 17:58:51.559016,0 days 00:00:00.480336,-0.09999999999999998,0.05,6h,20,-0.1499999999999999,0.35000000000000003,COMPLETE
50,12.082897147975757,2022-09-21 17:54:07.283717,2022-09-21 17:54:09.475268,0 days 00:00:02.191551,-0.85,0.15000000000000002,2h,20,-0.5,0.3,COMPLETE
93,11.927819527436537,2022-09-21 17:54:37.777782,2022-09-21 17:54:38.032655,0 days 00:00:00.254873,-0.25,0.1,12h,30,-0.75,0.7000000000000001,COMPLETE
54,11.87283687942557,2022-09-21 17:54:11.596034,2022-09-21 17:54:17.874650,0 days 00:00:06.278616,-0.95,0.3,1h,20,-0.44999999999999996,0.35000000000000003,COMPLETE
20,11.867714087677903,2022-09-21 17:53:40.890036,2022-09-21 17:53:41.696298,0 days 00:00:00.806262,-0.95,0.45,4h,20,-1.0,0.55,COMPLETE
21,11.867714087677903,2022-09-21 17:53:41.696631,2022-09-21 17:53:42.525460,0 days 00:00:00.828829,-0.95,0.45,4h,20,-1.0,0.55,COMPLETE
145,11.851607377815217,2022-09-21 17:55:04.926797,2022-09-21 17:55:05.375216,0 days 00:00:00.448419,-0.1499999999999999,0.2,6h,25,-0.5,0.7500000000000001,COMPLETE
175,11.816463758530492,2022-09-21 17:55:18.527279,2022-09-21 17:55:18.994565,0 days 00:00:00.467286,-0.09999999999999998,0.15000000000000002,6h,25,-0.3999999999999999,0.8,COMPLETE
142,11.73425883153077,2022-09-21 17:55:03.564110,2022-09-21 17:55:04.020536,0 days 00:00:00.456426,-0.05,0.15000000000000002,6h,25,-0.3999999999999999,0.55,COMPLETE
13,11.655283206579238,2022-09-21 17:53:27.684236,2022-09-21 17:53:27.897253,0 days 00:00:00.213017,-0.85,0.4,12h,20,-0.75,0.25,COMPLETE
112,11.624001664175564,2022-09-21 17:54:43.464752,2022-09-21 17:54:43.664965,0 days 00:00:00.200213,-0.35,0.1,12h,30,-0.8,0.5,COMPLETE
159,11.51778736311794,2022-09-21 17:55:11.262654,2022-09-21 17:55:11.739376,0 days 00:00:00.476722,-0.1499999999999999,0.15000000000000002,6h,20,-0.5,1.0,COMPLETE
148,11.243022934581255,2022-09-21 17:55:06.274606,2022-09-21 17:55:06.739775,0 days 00:00:00.465169,-0.1499999999999999,0.2,6h,20,-0.3999999999999999,0.8500000000000001,COMPLETE
168,11.216725818313233,2022-09-21 17:55:15.349975,2022-09-21 17:55:15.815711,0 days 00:00:00.465736,-0.19999999999999996,0.15000000000000002,6h,20,-0.3999999999999999,0.9500000000000001,COMPLETE
216,11.159265224520407,2022-09-21 17:55:38.638091,2022-09-21 17:55:39.118399,0 days 00:00:00.480308,-0.1499999999999999,0.1,6h,20,-0.25,0.6500000000000001,COMPLETE
166,11.15202593958097,2022-09-21 17:55:14.446578,2022-09-21 17:55:14.889243,0 days 00:00:00.442665,-0.19999999999999996,0.2,6h,25,-0.44999999999999996,0.7500000000000001,COMPLETE
164,11.151424574626116,2022-09-21 17:55:13.539116,2022-09-21 17:55:14.003027,0 days 00:00:00.463911,-0.09999999999999998,0.15000000000000002,6h,25,-0.3999999999999999,0.8500000000000001,COMPLETE
325,10.887466904383478,2022-09-21 17:56:54.481449,2022-09-21 17:56:54.946398,0 days 00:00:00.464949,-0.05,0.05,6h,20,-0.05,0.55,COMPLETE
68,10.73441124313995,2022-09-21 17:54:32.103934,2022-09-21 17:54:32.885915,0 days 00:00:00.781981,-0.95,0.2,4h,20,-0.6,0.35000000000000003,COMPLETE
389,10.582495489005884,2022-09-21 17:57:44.713596,2022-09-21 17:57:45.190138,0 days 00:00:00.476542,-0.05,0.05,6h,20,-0.05,0.45,COMPLETE
72,10.510335828306673,2022-09-21 17:54:33.469516,2022-09-21 17:54:33.662204,0 days 00:00:00.192688,-0.25,0.05,12h,35,-0.75,0.5,COMPLETE
416,10.419889021049034,2022-09-21 17:58:04.076264,2022-09-21 17:58:04.552259,0 days 00:00:00.475995,-0.09999999999999998,0.1,6h,20,-0.05,0.4,COMPLETE
448,10.419889021049034,2022-09-21 17:58:25.709026,2022-09-21 17:58:26.178017,0 days 00:00:00.468991,-0.05,0.05,6h,20,-0.05,0.4,COMPLETE
45,10.274283366314764,2022-09-21 17:54:03.478171,2022-09-21 17:54:04.281825,0 days 00:00:00.803654,-1.0,0.2,4h,20,-0.6,0.35000000000000003,COMPLETE
9,10.157636220350712,2022-09-21 17:53:14.505918,2022-09-21 17:53:20.629783,0 days 00:00:06.123865,-0.7,0.15000000000000002,1h,25,-0.19999999999999996,0.3,COMPLETE
15,10.154819275773887,2022-09-21 17:53:28.115484,2022-09-21 17:53:28.973067,0 days 00:00:00.857583,-0.5,0.35000000000000003,4h,20,-0.8,0.2,COMPLETE
35,9.987729791124227,2022-09-21 17:53:53.646680,2022-09-21 17:53:55.712050,0 days 00:00:02.065370,-1.0,0.35000000000000003,2h,25,-0.7,0.45,COMPLETE
87,9.860141222884955,2022-09-21 17:54:36.501637,2022-09-21 17:54:36.716605,0 days 00:00:00.214968,-0.35,0.1,12h,30,-0.95,0.6500000000000001,COMPLETE
52,9.519537476248118,2022-09-21 17:54:10.194976,2022-09-21 17:54:10.927473,0 days 00:00:00.732497,-1.0,0.25,4h,25,-0.55,0.3,COMPLETE
125,9.3272429568024,2022-09-21 17:54:51.377231,2022-09-21 17:54:51.573750,0 days 00:00:00.196519,-0.35,0.1,12h,30,-0.35,0.45,COMPLETE
64,9.310791951553753,2022-09-21 17:54:29.712016,2022-09-21 17:54:29.918939,0 days 00:00:00.206923,-0.95,0.3,12h,25,-0.5,0.05,COMPLETE
63,8.887092303630398,2022-09-21 17:54:28.931437,2022-09-21 17:54:29.711628,0 days 00:00:00.780191,-0.9,0.15000000000000002,4h,20,-0.75,0.3,COMPLETE
83,8.852860752791278,2022-09-21 17:54:35.676510,2022-09-21 17:54:35.894170,0 days 00:00:00.217660,-0.25,0.05,12h,35,-0.8,0.55,COMPLETE
110,8.843955038050415,2022-09-21 17:54:43.068757,2022-09-21 17:54:43.264749,0 days 00:00:00.195992,-0.29999999999999993,0.05,12h,35,-0.75,0.55,COMPLETE
163,8.805353739953345,2022-09-21 17:55:13.090287,2022-09-21 17:55:13.538698,0 days 00:00:00.448411,-0.1499999999999999,0.2,6h,25,-0.44999999999999996,0.8500000000000001,COMPLETE
156,8.805353739953345,2022-09-21 17:55:09.909734,2022-09-21 17:55:10.357818,0 days 00:00:00.448084,-0.1499999999999999,0.2,6h,25,-0.44999999999999996,0.8500000000000001,COMPLETE
76,8.434744473507465,2022-09-21 17:54:34.258724,2022-09-21 17:54:34.454996,0 days 00:00:00.196272,-0.35,0.05,12h,35,-0.75,0.6000000000000001,COMPLETE
128,8.399316040940342,2022-09-21 17:54:51.970931,2022-09-21 17:54:53.679445,0 days 00:00:01.708514,-0.3999999999999999,0.05,2h,55,-0.7,0.45,COMPLETE
167,8.096639763085413,2022-09-21 17:55:14.889664,2022-09-21 17:55:15.349550,0 days 00:00:00.459886,-0.1499999999999999,0.2,6h,25,-0.44999999999999996,0.8,COMPLETE
113,8.073313688326687,2022-09-21 17:54:43.665323,2022-09-21 17:54:43.863842,0 days 00:00:00.198519,-0.25,0.15000000000000002,12h,30,-0.7,0.4,COMPLETE
86,6.974650762913893,2022-09-21 17:54:36.304134,2022-09-21 17:54:36.501276,0 days 00:00:00.197142,-0.35,0.05,12h,35,-0.85,0.55,COMPLETE
77,6.90732805417647,2022-09-21 17:54:34.455387,2022-09-21 17:54:34.652070,0 days 00:00:00.196683,-0.29999999999999993,0.05,12h,35,-0.85,0.55,COMPLETE
89,6.661791922759606,2022-09-21 17:54:36.933796,2022-09-21 17:54:37.158932,0 days 00:00:00.225136,-0.3999999999999999,0.1,12h,35,-0.75,0.5,COMPLETE
79,6.637440423475814,2022-09-21 17:54:34.850831,2022-09-21 17:54:35.051533,0 days 00:00:00.200702,-0.44999999999999996,0.15000000000000002,12h,30,-0.75,0.5,COMPLETE
102,6.4331476433965715,2022-09-21 17:54:39.748725,2022-09-21 17:54:39.953719,0 days 00:00:00.204994,-0.44999999999999996,0.1,12h,30,-0.09999999999999998,0.55,COMPLETE
406,6.40024319695598,2022-09-21 17:57:52.441647,2022-09-21 17:57:53.193210,0 days 00:00:00.751563,-0.05,0.1,4h,25,-0.09999999999999998,0.5,COMPLETE
120,6.390776280534743,2022-09-21 17:54:50.371044,2022-09-21 17:54:50.563811,0 days 00:00:00.192767,-0.44999999999999996,0.1,12h,35,-0.75,0.6500000000000001,COMPLETE
158,5.725793105146637,2022-09-21 17:55:10.810694,2022-09-21 17:55:11.262267,0 days 00:00:00.451573,-0.09999999999999998,0.2,6h,25,-0.3999999999999999,0.8,COMPLETE
100,5.534162505462011,2022-09-21 17:54:39.344739,2022-09-21 17:54:39.544899,0 days 00:00:00.200160,-0.29999999999999993,0.05,12h,40,-0.7,0.6000000000000001,COMPLETE
96,4.775399016268883,2022-09-21 17:54:38.468000,2022-09-21 17:54:38.691668,0 days 00:00:00.223668,-0.5,0.1,12h,30,-0.95,0.45,COMPLETE
473,3.881673972224226,2022-09-21 17:58:44.311657,2022-09-21 17:58:44.785186,0 days 00:00:00.473529,-0.09999999999999998,0.4,6h,25,-0.09999999999999998,0.35000000000000003,COMPLETE
84,3.7331268474345114,2022-09-21 17:54:35.894556,2022-09-21 17:54:36.103813,0 days 00:00:00.209257,-0.09999999999999998,0.1,12h,30,-0.8,0.7000000000000001,COMPLETE
480,3.7162171475328445,2022-09-21 17:58:47.557993,2022-09-21 17:58:48.010919,0 days 00:00:00.452926,-0.09999999999999998,0.3,6h,25,-0.05,0.3,COMPLETE
380,3.6689149246618964,2022-09-21 17:57:33.581453,2022-09-21 17:57:34.043332,0 days 00:00:00.461879,-0.09999999999999998,0.6500000000000001,6h,25,-0.09999999999999998,0.5,COMPLETE
478,3.5872206556826183,2022-09-21 17:58:46.644476,2022-09-21 17:58:47.102082,0 days 00:00:00.457606,-0.05,0.5,6h,25,-0.05,0.35000000000000003,COMPLETE
360,3.447121415681015,2022-09-21 17:57:19.112408,2022-09-21 17:57:19.558537,0 days 00:00:00.446129,-0.05,0.6000000000000001,6h,25,-0.09999999999999998,0.45,COMPLETE
327,3.4170872910982446,2022-09-21 17:56:55.398501,2022-09-21 17:56:55.852277,0 days 00:00:00.453776,-0.05,0.4,6h,25,-0.09999999999999998,0.5,COMPLETE
157,3.288628071961037,2022-09-21 17:55:10.358229,2022-09-21 17:55:10.810309,0 days 00:00:00.452080,-0.19999999999999996,0.25,6h,25,-0.5,0.8500000000000001,COMPLETE
338,3.2617853188087893,2022-09-21 17:57:07.383431,2022-09-21 17:57:07.831508,0 days 00:00:00.448077,-0.05,0.45,6h,25,-0.05,0.5,COMPLETE
375,3.0500157081063217,2022-09-21 17:57:31.313749,2022-09-21 17:57:31.764888,0 days 00:00:00.451139,-0.05,0.3,6h,25,-0.09999999999999998,0.4,COMPLETE
1,2.324220659687664,2022-09-21 17:52:58.850316,2022-09-21 17:53:04.885324,0 days 00:00:06.035008,-0.25,0.15000000000000002,1h,25,-0.35,0.05,COMPLETE
124,2.2235770478753665,2022-09-21 17:54:51.173260,2022-09-21 17:54:51.376870,0 days 00:00:00.203610,-0.35,0.15000000000000002,12h,30,-0.25,0.5,COMPLETE
331,2.2214168225833193,2022-09-21 17:56:58.728105,2022-09-21 17:56:59.191198,0 days 00:00:00.463093,-0.05,0.55,6h,25,-0.05,0.55,COMPLETE
28,1.6395842721720282,2022-09-21 17:53:47.202669,2022-09-21 17:53:47.924257,0 days 00:00:00.721588,-0.8,0.6000000000000001,4h,40,-0.75,0.7500000000000001,COMPLETE
418,1.320203139038192,2022-09-21 17:58:05.007904,2022-09-21 17:58:05.403571,0 days 00:00:00.395667,-0.05,0.05,6h,55,-0.09999999999999998,0.45,COMPLETE
51,1.1134214243759626,2022-09-21 17:54:09.475655,2022-09-21 17:54:10.194592,0 days 00:00:00.718937,-0.85,0.3,4h,30,-0.6499999999999999,0.35000000000000003,COMPLETE
107,1.0044919772858003,2022-09-21 17:54:40.746805,2022-09-21 17:54:40.956476,0 days 00:00:00.209671,-0.29999999999999993,0.15000000000000002,12h,35,-0.1499999999999999,0.5,COMPLETE
461,0.9980614482374167,2022-09-21 17:58:31.895627,2022-09-21 17:58:33.772977,0 days 00:00:01.877350,-0.05,0.05,2h,30,-0.05,0.35000000000000003,COMPLETE
60,0.9841817225743154,2022-09-21 17:54:26.749249,2022-09-21 17:54:27.467132,0 days 00:00:00.717883,-0.7,0.4,4h,30,-0.7,0.25,COMPLETE
285,0.9836648479387026,2022-09-21 17:56:29.469118,2022-09-21 17:56:29.867271,0 days 00:00:00.398153,-0.05,0.05,6h,55,-0.09999999999999998,0.55,COMPLETE
37,0.9678185001070804,2022-09-21 17:53:56.478068,2022-09-21 17:53:57.219303,0 days 00:00:00.741235,-0.55,0.55,4h,30,-0.8,0.5,COMPLETE
32,0.9678185001070804,2022-09-21 17:53:51.424605,2022-09-21 17:53:52.152236,0 days 00:00:00.727631,-0.7,0.6000000000000001,4h,30,-0.85,0.6000000000000001,COMPLETE
433,0.9644525003445983,2022-09-21 17:58:11.817200,2022-09-21 17:58:12.510968,0 days 00:00:00.693768,-0.05,0.1,4h,40,-0.1499999999999999,0.4,COMPLETE
116,0.9550953316967994,2022-09-21 17:54:49.356563,2022-09-21 17:54:49.784669,0 days 00:00:00.428106,-0.35,0.1,6h,30,-0.7,0.6500000000000001,COMPLETE
56,0.9515829953397591,2022-09-21 17:54:18.618654,2022-09-21 17:54:19.331876,0 days 00:00:00.713222,-0.7,0.1,4h,30,-0.7,0.1,COMPLETE
419,0.9128038270395669,2022-09-21 17:58:05.404065,2022-09-21 17:58:05.843000,0 days 00:00:00.438935,-0.09999999999999998,0.1,6h,30,-0.09999999999999998,0.45,COMPLETE
429,0.894701801126028,2022-09-21 17:58:09.969464,2022-09-21 17:58:10.420512,0 days 00:00:00.451048,-0.05,0.7000000000000001,6h,25,-0.1499999999999999,0.35000000000000003,COMPLETE
36,0.8863874966133147,2022-09-21 17:53:55.712461,2022-09-21 17:53:56.477732,0 days 00:00:00.765271,-0.8,0.5,4h,35,-0.29999999999999993,0.4,COMPLETE
412,0.8781833105994127,2022-09-21 17:57:56.926271,2022-09-21 17:57:57.361024,0 days 00:00:00.434753,-0.05,0.05,6h,30,-0.05,0.45,COMPLETE
439,0.8781833105994127,2022-09-21 17:58:16.289323,2022-09-21 17:58:16.733396,0 days 00:00:00.444073,-0.05,0.1,6h,30,-0.05,0.45,COMPLETE
6,0.8389634192668851,2022-09-21 17:53:13.178146,2022-09-21 17:53:13.666188,0 days 00:00:00.488042,-0.75,0.1,6h,35,-0.5,1.0,COMPLETE
169,0.8121442255894135,2022-09-21 17:55:15.816134,2022-09-21 17:55:16.265981,0 days 00:00:00.449847,-0.05,0.25,6h,25,-0.44999999999999996,0.8,COMPLETE
381,0.8006690940332536,2022-09-21 17:57:34.043778,2022-09-21 17:57:34.718612,0 days 00:00:00.674834,-0.05,0.05,4h,60,-0.05,0.5,COMPLETE
450,0.7871280016474609,2022-09-21 17:58:26.631993,2022-09-21 17:58:27.075897,0 days 00:00:00.443904,-0.05,0.05,6h,30,-0.1499999999999999,0.4,COMPLETE
17,0.7262699382157822,2022-09-21 17:53:34.750341,2022-09-21 17:53:34.946804,0 days 00:00:00.196463,-0.6,0.55,12h,55,-0.6499999999999999,0.8,COMPLETE
298,0.6901360613930773,2022-09-21 17:56:35.318198,2022-09-21 17:56:35.773136,0 days 00:00:00.454938,-0.09999999999999998,0.7000000000000001,6h,25,-0.05,0.55,COMPLETE
411,0.680356867153055,2022-09-21 17:57:56.500677,2022-09-21 17:57:56.925724,0 days 00:00:00.425047,-0.09999999999999998,0.05,6h,45,-0.1499999999999999,0.4,COMPLETE
454,0.6637414012123847,2022-09-21 17:58:28.444916,2022-09-21 17:58:28.865867,0 days 00:00:00.420951,-0.05,0.05,6h,50,-0.1499999999999999,0.5,COMPLETE
94,0.6519718948057377,2022-09-21 17:54:38.033100,2022-09-21 17:54:38.270872,0 days 00:00:00.237772,-0.29999999999999993,0.15000000000000002,12h,35,-0.8,0.5,COMPLETE
269,0.6504585874932942,2022-09-21 17:56:15.403656,2022-09-21 17:56:15.829463,0 days 00:00:00.425807,-0.05,0.05,6h,40,-0.09999999999999998,0.6000000000000001,COMPLETE
97,0.6432828704662867,2022-09-21 17:54:38.692027,2022-09-21 17:54:38.906786,0 days 00:00:00.214759,-0.3999999999999999,0.15000000000000002,12h,35,-0.75,0.5,COMPLETE
341,0.6284118051881242,2022-09-21 17:57:08.735266,2022-09-21 17:57:09.170574,0 days 00:00:00.435308,-0.05,0.05,6h,50,-0.09999999999999998,0.5,COMPLETE
318,0.618311306026802,2022-09-21 17:56:51.332059,2022-09-21 17:56:51.760544,0 days 00:00:00.428485,-0.05,0.05,6h,40,-0.09999999999999998,0.55,COMPLETE
12,0.5850978237080469,2022-09-21 17:53:27.460133,2022-09-21 17:53:27.683906,0 days 00:00:00.223773,-1.0,0.55,12h,20,-1.0,0.35000000000000003,COMPLETE
2,0.519633922486908,2022-09-21 17:53:04.885707,2022-09-21 17:53:05.557757,0 days 00:00:00.672050,-0.1499999999999999,0.25,4h,45,-0.05,0.5,COMPLETE
40,0.49747776035080277,2022-09-21 17:53:59.943222,2022-09-21 17:54:00.670006,0 days 00:00:00.726784,-0.3999999999999999,0.05,4h,40,-0.3999999999999999,0.3,COMPLETE
4,0.4557994036213461,2022-09-21 17:53:07.623452,2022-09-21 17:53:12.713159,0 days 00:00:05.089707,-0.44999999999999996,0.45,1h,60,-0.44999999999999996,0.6500000000000001,COMPLETE
109,0.4381138503401722,2022-09-21 17:54:41.158677,2022-09-21 17:54:43.068353,0 days 00:00:01.909676,-0.19999999999999996,0.05,2h,30,-0.7,0.6000000000000001,COMPLETE
119,0.4278954102654407,2022-09-21 17:54:50.177135,2022-09-21 17:54:50.370652,0 days 00:00:00.193517,-0.25,0.05,12h,45,-0.75,0.6000000000000001,COMPLETE
488,0.3997224232503973,2022-09-21 17:58:51.559528,2022-09-21 17:58:53.504376,0 days 00:00:01.944848,-0.05,0.1,2h,25,-0.09999999999999998,0.35000000000000003,COMPLETE
27,0.37538638312632316,2022-09-21 17:53:46.414484,2022-09-21 17:53:47.202334,0 days 00:00:00.787850,-0.6,0.8500000000000001,4h,30,-0.6,0.8,COMPLETE
279,0.37253771466954433,2022-09-21 17:56:21.417186,2022-09-21 17:56:21.830719,0 days 00:00:00.413533,-0.05,0.05,6h,45,-0.09999999999999998,0.55,COMPLETE
382,0.36704543547574303,2022-09-21 17:57:34.719154,2022-09-21 17:57:36.664115,0 days 00:00:01.944961,-0.05,0.05,2h,25,-0.1499999999999999,0.45,COMPLETE
397,0.359153006640928,2022-09-21 17:57:48.378022,2022-09-21 17:57:48.802595,0 days 00:00:00.424573,-0.05,0.05,6h,30,-0.09999999999999998,0.5,COMPLETE
7,0.35539819233341946,2022-09-21 17:53:13.666521,2022-09-21 17:53:14.067965,0 days 00:00:00.401444,-0.19999999999999996,0.6500000000000001,6h,60,-0.09999999999999998,0.6500000000000001,COMPLETE
482,0.35415916959351845,2022-09-21 17:58:48.467439,2022-09-21 17:58:48.909175,0 days 00:00:00.441736,-0.05,0.9500000000000001,6h,30,-0.1499999999999999,0.35000000000000003,COMPLETE
25,0.34964346247019423,2022-09-21 17:53:44.878955,2022-09-21 17:53:45.637036,0 days 00:00:00.758081,-0.75,0.8,4h,35,-0.8,0.45,COMPLETE
357,0.3466196460533476,2022-09-21 17:57:17.762171,2022-09-21 17:57:18.209919,0 days 00:00:00.447748,-0.05,0.8,6h,25,-0.1499999999999999,0.45,COMPLETE
367,0.3372515176126603,2022-09-21 17:57:27.664085,2022-09-21 17:57:28.114325,0 days 00:00:00.450240,-0.05,0.9000000000000001,6h,25,-0.09999999999999998,0.5,COMPLETE
347,0.33496146371900437,2022-09-21 17:57:11.434452,2022-09-21 17:57:11.900736,0 days 00:00:00.466284,-0.05,1.0,6h,25,-0.09999999999999998,0.5,COMPLETE
101,0.3209836285635983,2022-09-21 17:54:39.545330,2022-09-21 17:54:39.748371,0 days 00:00:00.203041,-0.25,1.0,12h,30,-0.75,0.55,COMPLETE
355,0.3104060153297084,2022-09-21 17:57:15.091180,2022-09-21 17:57:17.029097,0 days 00:00:01.937917,-0.05,0.1,2h,25,-0.09999999999999998,0.45,COMPLETE
409,0.2975613765342055,2022-09-21 17:57:54.109795,2022-09-21 17:57:56.049019,0 days 00:00:01.939224,-0.09999999999999998,0.1,2h,25,-0.09999999999999998,0.5,COMPLETE
434,0.2939416352080936,2022-09-21 17:58:12.511528,2022-09-21 17:58:14.479369,0 days 00:00:01.967841,-0.05,0.05,2h,25,-0.05,0.45,COMPLETE
444,0.28556639624707075,2022-09-21 17:58:23.877396,2022-09-21 17:58:24.331223,0 days 00:00:00.453827,-0.05,0.7500000000000001,6h,25,-0.05,0.35000000000000003,COMPLETE
304,0.27209318557257417,2022-09-21 17:56:38.052627,2022-09-21 17:56:40.014886,0 days 00:00:01.962259,-0.09999999999999998,0.05,2h,25,-0.09999999999999998,0.5,COMPLETE
330,0.27209318557257417,2022-09-21 17:56:56.773993,2022-09-21 17:56:58.727615,0 days 00:00:01.953622,-0.09999999999999998,0.05,2h,25,-0.09999999999999998,0.5,COMPLETE
240,0.2626622214111626,2022-09-21 17:55:55.176544,2022-09-21 17:55:55.613328,0 days 00:00:00.436784,-0.05,0.05,6h,50,-0.1499999999999999,0.6500000000000001,COMPLETE
65,0.2470220962198772,2022-09-21 17:54:29.919293,2022-09-21 17:54:30.627866,0 days 00:00:00.708573,-1.0,0.25,4h,30,-0.6499999999999999,0.2,COMPLETE
226,0.24117791633212066,2022-09-21 17:55:48.706546,2022-09-21 17:55:49.175950,0 days 00:00:00.469404,-0.09999999999999998,0.8500000000000001,6h,25,-0.19999999999999996,0.6500000000000001,COMPLETE
104,0.24061513376046634,2022-09-21 17:54:40.159338,2022-09-21 17:54:40.349198,0 days 00:00:00.189860,-0.3999999999999999,0.05,12h,60,-0.29999999999999993,0.4,COMPLETE
57,0.21111309095388564,2022-09-21 17:54:19.332227,2022-09-21 17:54:19.740178,0 days 00:00:00.407951,-0.85,0.15000000000000002,6h,50,-0.6,0.15000000000000002,COMPLETE
19,0.19917573900740976,2022-09-21 17:53:40.679793,2022-09-21 17:53:40.889706,0 days 00:00:00.209913,-0.3999999999999999,0.6500000000000001,12h,50,-0.9,0.4,COMPLETE
14,0.18040563358920095,2022-09-21 17:53:27.897631,2022-09-21 17:53:28.115156,0 days 00:00:00.217525,-0.85,0.7500000000000001,12h,30,-1.0,0.4,COMPLETE
16,0.11758739356653408,2022-09-21 17:53:28.973428,2022-09-21 17:53:34.750009,0 days 00:00:05.776581,-0.85,0.7500000000000001,1h,30,-0.9,0.6500000000000001,COMPLETE
47,0.09456460991242821,2022-09-21 17:54:05.039403,2022-09-21 17:54:05.524986,0 days 00:00:00.485583,-0.9,0.1,6h,30,-0.55,0.2,COMPLETE
43,0.08210513583116566,2022-09-21 17:54:02.223816,2022-09-21 17:54:02.678827,0 days 00:00:00.455011,-0.95,0.25,6h,30,-0.5,0.25,COMPLETE
29,0.04874639208037124,2022-09-21 17:53:47.924584,2022-09-21 17:53:49.843188,0 days 00:00:01.918604,-0.6,0.7000000000000001,2h,35,-0.85,0.9000000000000001,COMPLETE
0,0.04874639208037124,2022-09-21 17:52:53.356904,2022-09-21 17:52:58.849969,0 days 00:00:05.493065,-1.0,1.0,2h,35,-0.85,0.1,COMPLETE
39,0.03892595882381201,2022-09-21 17:53:57.996675,2022-09-21 17:53:59.942872,0 days 00:00:01.946197,-0.9,0.2,2h,35,-0.55,0.1,COMPLETE
200,0.0232845176390623,2022-09-21 17:55:29.879001,2022-09-21 17:55:31.833916,0 days 00:00:01.954915,-0.1499999999999999,0.1,2h,25,-0.25,0.7000000000000001,COMPLETE
364,0.008566370381968511,2022-09-21 17:57:20.928757,2022-09-21 17:57:26.745231,0 days 00:00:05.816474,-0.05,0.5,1h,25,-0.09999999999999998,0.4,COMPLETE
18,0.004716151327475587,2022-09-21 17:53:34.947127,2022-09-21 17:53:40.679306,0 days 00:00:05.732179,-0.05,0.3,1h,30,-0.7,0.2,COMPLETE
5,0.0,2022-09-21 17:53:12.713707,2022-09-21 17:53:13.177695,0 days 00:00:00.463988,-0.29999999999999993,0.9500000000000001,6h,40,-0.44999999999999996,0.05,COMPLETE
8,0.0,2022-09-21 17:53:14.068337,2022-09-21 17:53:14.505586,0 days 00:00:00.437249,-0.6499999999999999,0.9500000000000001,6h,45,-0.09999999999999998,0.5,COMPLETE
311,-0.0038708544033721638,2022-09-21 17:56:42.753385,2022-09-21 17:56:48.566783,0 days 00:00:05.813398,-0.05,0.05,1h,25,-0.09999999999999998,0.5,COMPLETE
441,-0.0038708544033721638,2022-09-21 17:58:17.193227,2022-09-21 17:58:22.964298,0 days 00:00:05.771071,-0.05,0.05,1h,25,-0.09999999999999998,0.5,COMPLETE
388,-0.0038708544033721638,2022-09-21 17:57:38.907215,2022-09-21 17:57:44.713093,0 days 00:00:05.805878,-0.09999999999999998,0.1,1h,25,-0.09999999999999998,0.55,COMPLETE
336,-0.0038708544033721638,2022-09-21 17:57:01.048595,2022-09-21 17:57:06.907807,0 days 00:00:05.859212,-0.09999999999999998,0.05,1h,25,-0.1499999999999999,0.5,COMPLETE
467,-0.0038708544033721638,2022-09-21 17:58:36.071504,2022-09-21 17:58:41.989450,0 days 00:00:05.917946,-0.09999999999999998,0.1,1h,25,-0.09999999999999998,0.35000000000000003,COMPLETE
259,-0.0038708544033721638,2022-09-21 17:56:05.426206,2022-09-21 17:56:11.266516,0 days 00:00:05.840310,-0.05,0.05,1h,25,-0.09999999999999998,0.6000000000000001,COMPLETE
217,-0.0038708544033721638,2022-09-21 17:55:39.118819,2022-09-21 17:55:45.022010,0 days 00:00:05.903191,-0.1499999999999999,0.1,1h,25,-0.29999999999999993,0.6500000000000001,COMPLETE
414,-0.0038708544033721638,2022-09-21 17:57:57.816512,2022-09-21 17:58:03.619600,0 days 00:00:05.803088,-0.05,0.05,1h,25,-0.09999999999999998,0.45,COMPLETE
135,-0.0038708544033721638,2022-09-21 17:54:54.975390,2022-09-21 17:55:00.804467,0 days 00:00:05.829077,-0.19999999999999996,0.2,1h,25,-0.44999999999999996,0.6500000000000001,COMPLETE
283,-0.0038708544033721638,2022-09-21 17:56:23.191802,2022-09-21 17:56:29.018276,0 days 00:00:05.826474,-0.05,0.05,1h,25,-0.09999999999999998,0.55,COMPLETE
115,-0.008542347173173396,2022-09-21 17:54:44.070511,2022-09-21 17:54:49.356153,0 days 00:00:05.285642,-0.29999999999999993,0.05,1h,35,-0.75,0.6000000000000001,COMPLETE
277,-0.05115261356727686,2022-09-21 17:56:19.006152,2022-09-21 17:56:20.962175,0 days 00:00:01.956023,-0.05,0.05,2h,25,-0.09999999999999998,0.55,COMPLETE
254,-0.05115261356727686,2022-09-21 17:56:01.622927,2022-09-21 17:56:03.580296,0 days 00:00:01.957369,-0.05,0.05,2h,25,-0.09999999999999998,0.6000000000000001,COMPLETE
3,-0.07130339451751326,2022-09-21 17:53:05.558126,2022-09-21 17:53:07.623120,0 days 00:00:02.064994,-0.19999999999999996,0.15000000000000002,2h,25,-0.6,0.9500000000000001,COMPLETE
53,-0.25319163652874194,2022-09-21 17:54:10.927859,2022-09-21 17:54:11.595661,0 days 00:00:00.667802,-0.9,0.1,4h,45,-0.29999999999999993,0.25,COMPLETE
