timestamp,TSLA,SPY
2017-01-03 05:00:00,216.99,225.24
2017-01-04 05:00:00,226.99,226.58
2017-01-05 05:00:00,226.75,226.4
2017-01-06 05:00:00,229.01,227.21
2017-01-09 05:00:00,231.28,226.46
2017-01-10 05:00:00,229.87,226.46
2017-01-11 05:00:00,229.73,227.1
2017-01-12 05:00:00,229.59,226.53
2017-01-13 05:00:00,237.75,227.05
2017-01-17 05:00:00,235.58,226.25
2017-01-18 05:00:00,238.36,226.75
2017-01-19 05:00:00,243.76,225.91
2017-01-20 05:00:00,244.73,226.74
2017-01-23 05:00:00,248.92,226.15
2017-01-24 05:00:00,254.61,227.6
2017-01-25 05:00:00,254.47,229.57
2017-01-26 05:00:00,252.51,229.33
2017-01-27 05:00:00,252.95,228.97
2017-01-30 05:00:00,250.63,227.55
2017-01-31 05:00:00,251.93,227.53
2017-02-01 05:00:00,249.24,227.62
2017-02-02 05:00:00,251.55,227.77
2017-02-03 05:00:00,251.33,229.34
2017-02-06 05:00:00,257.77,228.93
2017-02-07 05:00:00,257.48,228.94
2017-02-08 05:00:00,262.08,229.24
2017-02-09 05:00:00,269.2,230.6
2017-02-10 05:00:00,269.23,231.51
2017-02-13 05:00:00,280.6,232.77
2017-02-14 05:00:00,280.98,233.7
2017-02-15 05:00:00,279.76,234.92
2017-02-16 05:00:00,268.95,234.72
2017-02-17 05:00:00,272.23,235.09
2017-02-21 05:00:00,277.39,236.49
2017-02-22 05:00:00,273.51,236.28
2017-02-23 05:00:00,255.99,236.44
2017-02-24 05:00:00,257.0,236.74
2017-02-27 05:00:00,246.23,237.11
2017-02-28 05:00:00,249.99,236.47
2017-03-01 05:00:00,250.02,239.78
2017-03-02 05:00:00,250.48,238.27
2017-03-03 05:00:00,251.57,238.42
2017-03-06 05:00:00,251.21,237.71
2017-03-07 05:00:00,248.59,237.0
2017-03-08 05:00:00,246.87,236.56
2017-03-09 05:00:00,244.9,236.86
2017-03-10 05:00:00,243.69,237.69
2017-03-13 04:00:00,246.17,237.81
2017-03-14 04:00:00,258.0,236.9
2017-03-15 04:00:00,255.73,238.95
2017-03-16 04:00:00,262.05,238.48
2017-03-17 04:00:00,261.5,237.03
2017-03-20 04:00:00,261.92,236.77
2017-03-21 04:00:00,250.68,233.73
2017-03-22 04:00:00,255.01,234.28
2017-03-23 04:00:00,254.78,234.03
2017-03-24 04:00:00,263.16,233.86
2017-03-27 04:00:00,270.22,233.62
2017-03-28 04:00:00,277.45,235.32
2017-03-29 04:00:00,277.38,235.54
2017-03-30 04:00:00,277.92,236.29
2017-03-31 04:00:00,278.3,235.74
2017-04-03 04:00:00,298.52,235.33
2017-04-04 04:00:00,303.7,235.48
2017-04-05 04:00:00,295.0,234.78
2017-04-06 04:00:00,298.7,235.44
2017-04-07 04:00:00,302.54,235.2
2017-04-10 04:00:00,312.39,235.34
2017-04-11 04:00:00,308.71,235.06
2017-04-12 04:00:00,296.84,234.03
2017-04-13 04:00:00,304.0,232.51
2017-04-17 04:00:00,301.44,234.57
2017-04-18 04:00:00,300.25,233.87
2017-04-19 04:00:00,305.52,233.44
2017-04-20 04:00:00,302.51,235.34
2017-04-21 04:00:00,305.6,234.59
2017-04-24 04:00:00,308.03,237.17
2017-04-25 04:00:00,313.79,238.55
2017-04-26 04:00:00,310.17,238.4
2017-04-27 04:00:00,308.63,238.6
2017-04-28 04:00:00,314.07,238.08
2017-05-01 04:00:00,322.83,238.68
2017-05-02 04:00:00,318.89,238.77
2017-05-03 04:00:00,311.02,238.48
2017-05-04 04:00:00,295.46,238.76
2017-05-05 04:00:00,308.35,239.7
2017-05-08 04:00:00,307.19,239.66
2017-05-09 04:00:00,321.26,239.44
2017-05-10 04:00:00,325.22,239.87
2017-05-11 04:00:00,323.1,239.38
2017-05-12 04:00:00,324.81,238.98
2017-05-15 04:00:00,315.88,240.3
2017-05-16 04:00:00,317.01,240.08
2017-05-17 04:00:00,306.11,235.82
2017-05-18 04:00:00,313.06,236.77
2017-05-19 04:00:00,310.83,238.31
2017-05-22 04:00:00,310.35,239.52
2017-05-23 04:00:00,303.86,240.05
2017-05-24 04:00:00,310.22,240.61
2017-05-25 04:00:00,316.83,241.76
2017-05-26 04:00:00,325.14,241.71
2017-05-30 04:00:00,335.1,241.5
2017-05-31 04:00:00,341.01,241.44
2017-06-01 04:00:00,340.37,243.36
2017-06-02 04:00:00,339.85,244.17
2017-06-05 04:00:00,347.32,243.99
2017-06-06 04:00:00,352.85,243.21
2017-06-07 04:00:00,359.65,243.66
2017-06-08 04:00:00,370.0,243.78
2017-06-09 04:00:00,357.32,243.41
2017-06-12 04:00:00,359.01,243.36
2017-06-13 04:00:00,375.95,244.55
2017-06-14 04:00:00,380.66,244.24
2017-06-15 04:00:00,375.34,243.77
2017-06-16 04:00:00,371.4,242.64
2017-06-19 04:00:00,369.8,244.66
2017-06-20 04:00:00,372.24,243.01
2017-06-21 04:00:00,376.4,242.95
2017-06-22 04:00:00,382.61,242.84
2017-06-23 04:00:00,383.45,243.13
2017-06-26 04:00:00,377.49,243.29
2017-06-27 04:00:00,362.37,241.33
2017-06-28 04:00:00,371.24,243.49
2017-06-29 04:00:00,360.75,241.35
2017-06-30 04:00:00,361.61,241.8
2017-07-03 04:00:00,352.62,242.21
2017-07-05 04:00:00,327.09,242.77
2017-07-06 04:00:00,308.83,240.55
2017-07-07 04:00:00,313.22,242.11
2017-07-10 04:00:00,316.05,242.37
2017-07-11 04:00:00,327.22,242.19
2017-07-12 04:00:00,329.52,244.01
2017-07-13 04:00:00,323.41,244.42
2017-07-14 04:00:00,327.78,245.56
2017-07-17 04:00:00,319.57,245.53
2017-07-18 04:00:00,328.24,245.66
2017-07-19 04:00:00,325.26,246.99
2017-07-20 04:00:00,329.92,247.1
2017-07-21 04:00:00,328.4,246.88
2017-07-24 04:00:00,342.52,246.82
2017-07-25 04:00:00,339.6,247.42
2017-07-26 04:00:00,343.85,247.43
2017-07-27 04:00:00,334.46,247.2
2017-07-28 04:00:00,335.07,246.91
2017-07-31 04:00:00,323.47,246.77
2017-08-01 04:00:00,319.57,247.32
2017-08-02 04:00:00,325.89,247.44
2017-08-03 04:00:00,347.09,246.96
2017-08-04 04:00:00,356.91,247.41
2017-08-07 04:00:00,355.17,247.87
2017-08-08 04:00:00,365.22,247.26
2017-08-09 04:00:00,363.53,247.25
2017-08-10 04:00:00,355.4,243.76
2017-08-11 04:00:00,357.87,244.12
2017-08-14 04:00:00,363.8,246.54
2017-08-15 04:00:00,362.33,246.51
2017-08-16 04:00:00,362.91,246.94
2017-08-17 04:00:00,351.92,243.09
2017-08-18 04:00:00,347.46,242.71
2017-08-21 04:00:00,337.86,242.9
2017-08-22 04:00:00,341.35,245.44
2017-08-23 04:00:00,352.77,244.56
2017-08-24 04:00:00,352.93,243.99
2017-08-25 04:00:00,348.05,244.56
2017-08-28 04:00:00,345.66,244.57
2017-08-29 04:00:00,347.36,244.85
2017-08-30 04:00:00,353.18,246.01
2017-08-31 04:00:00,355.9,247.49
2017-09-01 04:00:00,355.4,247.84
2017-09-05 04:00:00,349.59,246.06
2017-09-06 04:00:00,344.53,246.9
2017-09-07 04:00:00,350.61,246.87
2017-09-08 04:00:00,343.4,246.58
2017-09-11 04:00:00,363.69,249.21
2017-09-12 04:00:00,362.75,250.05
2017-09-13 04:00:00,366.23,250.17
2017-09-14 04:00:00,377.64,250.09
2017-09-15 04:00:00,379.81,249.19
2017-09-18 04:00:00,385.0,249.72
2017-09-19 04:00:00,375.1,249.97
2017-09-20 04:00:00,373.91,250.06
2017-09-21 04:00:00,366.48,249.39
2017-09-22 04:00:00,351.09,249.44
2017-09-25 04:00:00,344.99,248.93
2017-09-26 04:00:00,345.25,249.08
2017-09-27 04:00:00,340.97,250.05
2017-09-28 04:00:00,339.6,250.35
2017-09-29 04:00:00,341.1,251.23
2017-10-02 04:00:00,341.53,252.32
2017-10-03 04:00:00,348.14,252.86
2017-10-04 04:00:00,355.01,253.16
2017-10-05 04:00:00,355.33,254.66
2017-10-06 04:00:00,356.88,254.37
2017-10-09 04:00:00,342.94,253.95
2017-10-10 04:00:00,355.59,254.62
2017-10-11 04:00:00,354.6,255.02
2017-10-12 04:00:00,355.68,254.64
2017-10-13 04:00:00,355.57,254.95
2017-10-16 04:00:00,350.6,255.29
2017-10-17 04:00:00,355.75,255.47
2017-10-18 04:00:00,359.65,255.72
2017-10-19 04:00:00,351.81,255.79
2017-10-20 04:00:00,345.1,257.11
2017-10-23 04:00:00,337.02,256.11
2017-10-24 04:00:00,337.34,256.56
2017-10-25 04:00:00,325.84,255.29
2017-10-26 04:00:00,326.17,255.62
2017-10-27 04:00:00,320.87,257.71
2017-10-30 04:00:00,320.08,256.75
2017-10-31 04:00:00,331.53,257.15
2017-11-01 04:00:00,321.08,257.49
2017-11-02 04:00:00,299.26,257.59
2017-11-03 04:00:00,306.09,258.45
2017-11-06 05:00:00,302.78,258.85
2017-11-07 05:00:00,306.05,258.67
2017-11-08 05:00:00,304.39,259.11
2017-11-09 05:00:00,302.99,258.17
2017-11-10 05:00:00,302.99,258.09
2017-11-13 05:00:00,315.4,258.33
2017-11-14 05:00:00,308.7,257.73
2017-11-15 05:00:00,311.3,256.44
2017-11-16 05:00:00,312.5,258.62
2017-11-17 05:00:00,315.05,257.86
2017-11-20 05:00:00,308.74,258.3
2017-11-21 05:00:00,317.81,259.99
2017-11-22 05:00:00,312.6,259.76
2017-11-24 05:00:00,315.55,260.36
2017-11-27 05:00:00,316.81,260.23
2017-11-28 05:00:00,317.55,262.87
2017-11-29 05:00:00,307.54,262.71
2017-11-30 05:00:00,308.85,265.01
2017-12-01 05:00:00,306.53,264.46
2017-12-04 05:00:00,305.2,264.14
2017-12-05 05:00:00,303.7,263.19
2017-12-06 05:00:00,313.26,263.24
2017-12-07 05:00:00,311.24,264.07
2017-12-08 05:00:00,315.13,265.51
2017-12-11 05:00:00,328.91,266.31
2017-12-12 05:00:00,341.03,266.78
2017-12-13 05:00:00,339.03,266.75
2017-12-14 05:00:00,337.89,265.66
2017-12-15 05:00:00,343.45,266.51
2017-12-18 05:00:00,338.87,268.2
2017-12-19 05:00:00,331.1,267.17
2017-12-20 05:00:00,328.98,267.03
2017-12-21 05:00:00,331.66,267.58
2017-12-22 05:00:00,325.2,267.51
2017-12-26 05:00:00,317.29,267.19
2017-12-27 05:00:00,311.64,267.32
2017-12-28 05:00:00,315.36,267.87
2017-12-29 05:00:00,311.35,266.86
2018-01-02 05:00:00,320.53,268.77
2018-01-03 05:00:00,317.25,270.47
2018-01-04 05:00:00,314.62,271.61
2018-01-05 05:00:00,316.58,273.42
2018-01-08 05:00:00,336.41,273.92
2018-01-09 05:00:00,333.69,274.54
2018-01-10 05:00:00,334.8,274.12
2018-01-11 05:00:00,337.95,276.12
2018-01-12 05:00:00,336.22,277.92
2018-01-16 05:00:00,340.06,276.97
2018-01-17 05:00:00,347.16,279.61
2018-01-18 05:00:00,344.57,279.14
2018-01-19 05:00:00,350.02,280.41
2018-01-22 05:00:00,351.56,282.69
2018-01-23 05:00:00,352.79,283.29
2018-01-24 05:00:00,345.89,283.18
2018-01-25 05:00:00,337.64,283.3
2018-01-26 05:00:00,342.85,286.58
2018-01-29 05:00:00,349.53,284.68
2018-01-30 05:00:00,345.82,281.76
2018-01-31 05:00:00,354.31,281.9
2018-02-01 05:00:00,349.25,281.58
2018-02-02 05:00:00,343.75,275.45
2018-02-05 05:00:00,333.13,263.93
2018-02-06 05:00:00,333.97,269.13
2018-02-07 05:00:00,345.0,267.67
2018-02-08 05:00:00,315.23,257.63
2018-02-09 05:00:00,310.42,261.5
2018-02-12 05:00:00,315.73,265.34
2018-02-13 05:00:00,323.66,266.0
2018-02-14 05:00:00,322.31,269.59
2018-02-15 05:00:00,334.065,273.03
2018-02-16 05:00:00,335.49,273.11
2018-02-20 05:00:00,334.77,271.4
2018-02-21 05:00:00,333.3,270.05
2018-02-22 05:00:00,346.17,270.4
2018-02-23 05:00:00,352.05,274.71
2018-02-26 05:00:00,357.42,277.9
2018-02-27 05:00:00,350.99,274.43
2018-02-28 05:00:00,343.06,271.65
2018-03-01 05:00:00,330.93,267.7
2018-03-02 05:00:00,335.12,269.08
2018-03-05 05:00:00,333.35,272.19
2018-03-06 05:00:00,328.2,272.88
2018-03-07 05:00:00,332.3,272.78
2018-03-08 05:00:00,329.1,274.1
2018-03-09 05:00:00,327.17,278.87
2018-03-12 04:00:00,345.51,278.52
2018-03-13 04:00:00,341.84,276.72
2018-03-14 04:00:00,326.63,275.3
2018-03-15 04:00:00,325.6,275.0
2018-03-16 04:00:00,321.35,274.2
2018-03-19 04:00:00,313.56,270.49
2018-03-20 04:00:00,310.55,270.95
2018-03-21 04:00:00,316.53,270.43
2018-03-22 04:00:00,309.1,263.67
2018-03-23 04:00:00,301.54,258.05
2018-03-26 04:00:00,304.18,265.11
2018-03-27 04:00:00,279.18,260.6
2018-03-28 04:00:00,257.78,259.83
2018-03-29 04:00:00,266.13,263.15
2018-04-02 04:00:00,252.48,257.47
2018-04-03 04:00:00,267.53,260.77
2018-04-04 04:00:00,286.94,263.56
2018-04-05 04:00:00,305.72,265.64
2018-04-06 04:00:00,299.3,259.72
2018-04-09 04:00:00,289.66,261.0
2018-04-10 04:00:00,304.7,265.15
2018-04-11 04:00:00,300.93,263.76
2018-04-12 04:00:00,294.08,265.93
2018-04-13 04:00:00,300.34,265.15
2018-04-16 04:00:00,291.21,267.33
2018-04-17 04:00:00,287.69,270.19
2018-04-18 04:00:00,293.35,270.39
2018-04-19 04:00:00,300.08,268.89
2018-04-20 04:00:00,290.24,266.61
2018-04-23 04:00:00,283.37,266.57
2018-04-24 04:00:00,283.46,262.98
2018-04-25 04:00:00,280.69,263.63
2018-04-26 04:00:00,285.48,266.31
2018-04-27 04:00:00,294.075,266.56
2018-04-30 04:00:00,293.9,264.51
2018-05-01 04:00:00,299.92,264.98
2018-05-02 04:00:00,301.15,263.2
2018-05-03 04:00:00,284.45,262.62
2018-05-04 04:00:00,294.09,266.02
2018-05-07 04:00:00,302.77,266.92
2018-05-08 04:00:00,301.97,266.92
2018-05-09 04:00:00,306.85,269.5
2018-05-10 04:00:00,305.02,272.02
2018-05-11 04:00:00,301.06,272.85
2018-05-14 04:00:00,291.97,272.98
2018-05-15 04:00:00,284.18,271.1
2018-05-16 04:00:00,286.48,272.24
2018-05-17 04:00:00,284.54,272.01
2018-05-18 04:00:00,276.82,271.33
2018-05-21 04:00:00,284.49,273.37
2018-05-22 04:00:00,275.01,272.61
2018-05-23 04:00:00,279.07,273.36
2018-05-24 04:00:00,277.85,272.8
2018-05-25 04:00:00,278.85,272.15
2018-05-29 04:00:00,283.76,269.02
2018-05-30 04:00:00,291.72,272.61
2018-05-31 04:00:00,284.73,270.94
2018-06-01 04:00:00,291.82,273.6
2018-06-04 04:00:00,296.74,274.9
2018-06-05 04:00:00,291.13,275.1
2018-06-06 04:00:00,319.5,277.4
2018-06-07 04:00:00,316.09,277.37
2018-06-08 04:00:00,317.66,278.19
2018-06-11 04:00:00,332.1,278.56
2018-06-12 04:00:00,342.77,278.92
2018-06-13 04:00:00,344.78,278.03
2018-06-14 04:00:00,357.72,278.73
2018-06-15 04:00:00,358.17,277.13
2018-06-18 04:00:00,370.83,276.56
2018-06-19 04:00:00,352.55,275.5
2018-06-20 04:00:00,362.22,275.97
2018-06-21 04:00:00,347.51,274.24
2018-06-22 04:00:00,333.63,274.74
2018-06-25 04:00:00,333.01,271.0
2018-06-26 04:00:00,342.0,271.6
2018-06-27 04:00:00,344.5,269.35
2018-06-28 04:00:00,349.93,270.89
2018-06-29 04:00:00,342.95,271.28
2018-07-02 04:00:00,335.07,271.86
2018-07-03 04:00:00,310.86,270.9
2018-07-05 04:00:00,309.16,273.11
2018-07-06 04:00:00,308.9,275.42
2018-07-09 04:00:00,318.51,277.9
2018-07-10 04:00:00,322.47,278.9
2018-07-11 04:00:00,318.96,276.86
2018-07-12 04:00:00,316.71,279.37
2018-07-13 04:00:00,318.87,279.59
2018-07-16 04:00:00,310.1,279.34
2018-07-17 04:00:00,322.69,280.47
2018-07-18 04:00:00,323.85,281.06
2018-07-19 04:00:00,320.23,280.0
2018-07-20 04:00:00,313.58,279.68
2018-07-23 04:00:00,303.2,280.2
2018-07-24 04:00:00,297.43,281.61
2018-07-25 04:00:00,308.74,284.01
2018-07-26 04:00:00,306.65,283.34
2018-07-27 04:00:00,297.18,281.42
2018-07-30 04:00:00,290.17,279.95
2018-07-31 04:00:00,298.14,281.33
2018-08-01 04:00:00,300.84,280.86
2018-08-02 04:00:00,349.54,282.39
2018-08-03 04:00:00,348.17,283.6
2018-08-06 04:00:00,341.99,284.64
2018-08-07 04:00:00,379.57,285.58
2018-08-08 04:00:00,370.34,285.46
2018-08-09 04:00:00,352.45,285.07
2018-08-10 04:00:00,355.49,283.16
2018-08-13 04:00:00,356.41,282.1
2018-08-14 04:00:00,347.64,283.9
2018-08-15 04:00:00,338.69,281.78
2018-08-16 04:00:00,335.45,284.06
2018-08-17 04:00:00,305.5,285.06
2018-08-20 04:00:00,308.44,285.67
2018-08-21 04:00:00,321.9,286.34
2018-08-22 04:00:00,321.64,286.17
2018-08-23 04:00:00,320.1,285.79
2018-08-24 04:00:00,322.82,287.51
2018-08-27 04:00:00,319.27,289.78
2018-08-28 04:00:00,311.86,289.92
2018-08-29 04:00:00,305.01,291.48
2018-08-30 04:00:00,303.15,290.3
2018-08-31 04:00:00,301.66,290.31
2018-09-04 04:00:00,288.95,289.81
2018-09-05 04:00:00,280.74,289.03
2018-09-06 04:00:00,280.95,288.16
2018-09-07 04:00:00,263.24,287.6
2018-09-10 04:00:00,285.5,288.1
2018-09-11 04:00:00,279.44,289.05
2018-09-12 04:00:00,290.54,289.12
2018-09-13 04:00:00,289.46,290.83
2018-09-14 04:00:00,295.2,290.88
2018-09-17 04:00:00,294.84,289.34
2018-09-18 04:00:00,284.96,290.91
2018-09-19 04:00:00,299.02,291.22
2018-09-20 04:00:00,298.33,293.58
2018-09-21 04:00:00,299.1,291.99
2018-09-24 04:00:00,299.68,291.02
2018-09-25 04:00:00,300.99,290.75
2018-09-26 04:00:00,309.58,289.88
2018-09-27 04:00:00,307.52,290.69
2018-09-28 04:00:00,264.77,290.72
2018-10-01 04:00:00,310.7,291.73
2018-10-02 04:00:00,301.02,291.56
2018-10-03 04:00:00,294.8,291.72
2018-10-04 04:00:00,281.83,289.44
2018-10-05 04:00:00,261.95,287.82
2018-10-08 04:00:00,250.56,287.82
2018-10-09 04:00:00,262.8,287.4
2018-10-10 04:00:00,256.88,278.3
2018-10-11 04:00:00,252.23,272.17
2018-10-12 04:00:00,258.78,275.95
2018-10-15 04:00:00,259.59,274.4
2018-10-16 04:00:00,276.59,280.4
2018-10-17 04:00:00,271.78,280.45
2018-10-18 04:00:00,263.91,276.4
2018-10-19 04:00:00,260.0,276.25
2018-10-22 04:00:00,260.95,275.01
2018-10-23 04:00:00,294.14,273.61
2018-10-24 04:00:00,288.5,265.32
2018-10-25 04:00:00,314.86,270.08
2018-10-26 04:00:00,330.9,265.33
2018-10-29 04:00:00,334.85,263.86
2018-10-30 04:00:00,329.9,267.77
2018-10-31 04:00:00,337.32,270.63
2018-11-01 04:00:00,344.28,273.51
2018-11-02 04:00:00,346.41,271.89
2018-11-05 05:00:00,341.4,273.39
2018-11-06 05:00:00,341.06,275.12
2018-11-07 05:00:00,348.16,281.01
2018-11-08 05:00:00,351.4,280.5
2018-11-09 05:00:00,350.51,277.76
2018-11-12 05:00:00,331.28,272.57
2018-11-13 05:00:00,338.73,272.06
2018-11-14 05:00:00,344.0,270.2
2018-11-15 05:00:00,348.44,273.02
2018-11-16 05:00:00,354.31,273.73
2018-11-19 05:00:00,353.47,269.1
2018-11-20 05:00:00,347.49,264.12
2018-11-21 05:00:00,338.19,265.02
2018-11-23 05:00:00,325.83,263.25
2018-11-26 05:00:00,346.0,267.5
2018-11-27 05:00:00,343.92,268.4
2018-11-28 05:00:00,347.87,274.58
2018-11-29 05:00:00,341.17,273.98
2018-11-30 05:00:00,350.48,275.65
2018-12-03 05:00:00,358.49,279.3
2018-12-04 05:00:00,359.7,270.25
2018-12-06 05:00:00,363.06,269.84
2018-12-07 05:00:00,357.965,263.57
2018-12-10 05:00:00,365.15,264.07
2018-12-11 05:00:00,366.76,264.13
2018-12-12 05:00:00,366.6,265.46
2018-12-13 05:00:00,376.79,265.37
2018-12-14 05:00:00,365.71,260.47
2018-12-17 05:00:00,348.42,255.36
2018-12-18 05:00:00,337.03,255.08
2018-12-19 05:00:00,332.97,251.26
2018-12-20 05:00:00,315.38,247.17
2018-12-21 05:00:00,319.77,240.7
2018-12-24 05:00:00,295.39,234.34
2018-12-26 05:00:00,326.09,246.18
2018-12-27 05:00:00,316.13,248.07
2018-12-28 05:00:00,333.87,247.75
2018-12-31 05:00:00,332.8,249.92
2019-01-02 05:00:00,310.12,250.18
2019-01-03 05:00:00,300.36,244.21
2019-01-04 05:00:00,317.69,252.39
2019-01-07 05:00:00,334.96,254.38
2019-01-08 05:00:00,335.35,256.77
2019-01-09 05:00:00,338.53,257.97
2019-01-10 05:00:00,344.97,258.88
2019-01-11 05:00:00,347.26,258.98
2019-01-14 05:00:00,334.4,257.4
2019-01-15 05:00:00,344.43,260.35
2019-01-16 05:00:00,346.05,260.98
2019-01-17 05:00:00,347.31,262.96
2019-01-18 05:00:00,302.26,266.46
2019-01-22 05:00:00,298.92,262.86
2019-01-23 05:00:00,287.59,263.41
2019-01-24 05:00:00,291.51,263.55
2019-01-25 05:00:00,297.04,265.78
2019-01-28 05:00:00,296.38,263.76
2019-01-29 05:00:00,297.46,263.41
2019-01-30 05:00:00,308.77,267.58
2019-01-31 05:00:00,307.02,269.93
2019-02-01 05:00:00,312.21,270.06
2019-02-04 05:00:00,312.89,271.96
2019-02-05 05:00:00,321.35,273.1
2019-02-06 05:00:00,317.22,272.74
2019-02-07 05:00:00,307.51,270.14
2019-02-08 05:00:00,305.8,270.47
2019-02-11 05:00:00,312.84,270.62
2019-02-12 05:00:00,311.81,274.1
2019-02-13 05:00:00,308.17,274.99
2019-02-14 05:00:00,303.77,274.38
2019-02-15 05:00:00,307.88,277.37
2019-02-19 05:00:00,305.64,277.85
2019-02-20 05:00:00,302.56,278.41
2019-02-21 05:00:00,291.23,277.42
2019-02-22 05:00:00,294.71,279.14
2019-02-25 05:00:00,298.77,279.52
2019-02-26 05:00:00,297.86,279.32
2019-02-27 05:00:00,314.74,279.2
2019-02-28 05:00:00,319.88,278.68
2019-03-01 05:00:00,294.79,280.42
2019-03-04 05:00:00,285.36,279.4
2019-03-05 05:00:00,276.54,279.02
2019-03-06 05:00:00,276.24,277.33
2019-03-07 05:00:00,276.59,275.01
2019-03-08 05:00:00,284.14,274.46
2019-03-11 04:00:00,290.92,278.44
2019-03-12 04:00:00,283.36,279.49
2019-03-13 04:00:00,288.96,281.34
2019-03-14 04:00:00,289.96,281.16
2019-03-15 04:00:00,275.43,281.31
2019-03-18 04:00:00,269.49,282.33
2019-03-19 04:00:00,267.47,282.4
2019-03-20 04:00:00,273.6,281.55
2019-03-21 04:00:00,274.02,284.73
2019-03-22 04:00:00,264.53,279.25
2019-03-25 04:00:00,260.42,279.04
2019-03-26 04:00:00,267.77,281.12
2019-03-27 04:00:00,274.83,279.65
2019-03-28 04:00:00,278.62,280.71
2019-03-29 04:00:00,279.86,282.48
2019-04-01 04:00:00,289.18,285.83
2019-04-02 04:00:00,285.88,285.97
2019-04-03 04:00:00,291.81,286.42
2019-04-04 04:00:00,267.78,287.18
2019-04-05 04:00:00,274.96,288.57
2019-04-08 04:00:00,273.2,288.79
2019-04-09 04:00:00,272.31,287.31
2019-04-10 04:00:00,276.06,288.29
2019-04-11 04:00:00,268.42,288.21
2019-04-12 04:00:00,267.7,290.16
2019-04-15 04:00:00,266.38,289.97
2019-04-16 04:00:00,273.36,290.16
2019-04-17 04:00:00,271.23,289.45
2019-04-18 04:00:00,273.26,290.02
2019-04-22 04:00:00,262.75,290.27
2019-04-23 04:00:00,263.9,292.88
2019-04-24 04:00:00,258.66,292.23
2019-04-25 04:00:00,247.63,292.05
2019-04-26 04:00:00,235.14,293.41
2019-04-29 04:00:00,241.47,293.87
2019-04-30 04:00:00,238.69,294.02
2019-05-01 04:00:00,234.01,291.81
2019-05-02 04:00:00,244.1,291.18
2019-05-03 04:00:00,255.03,294.03
2019-05-06 04:00:00,255.34,292.82
2019-05-07 04:00:00,247.06,287.93
2019-05-08 04:00:00,244.84,287.53
2019-05-09 04:00:00,241.98,286.66
2019-05-10 04:00:00,239.52,288.1
2019-05-13 04:00:00,227.01,280.86
2019-05-14 04:00:00,232.31,283.4
2019-05-15 04:00:00,231.95,285.06
2019-05-16 04:00:00,228.33,287.7
2019-05-17 04:00:00,211.03,285.84
2019-05-20 04:00:00,205.36,283.95
2019-05-21 04:00:00,205.08,286.51
2019-05-22 04:00:00,192.73,285.63
2019-05-23 04:00:00,195.49,282.14
2019-05-24 04:00:00,190.63,282.78
2019-05-28 04:00:00,188.7,280.15
2019-05-29 04:00:00,189.86,278.27
2019-05-30 04:00:00,188.22,279.03
2019-05-31 04:00:00,185.16,275.27
2019-06-03 04:00:00,178.97,274.57
2019-06-04 04:00:00,193.6,280.53
2019-06-05 04:00:00,196.59,282.96
2019-06-06 04:00:00,205.95,284.8
2019-06-07 04:00:00,204.5,287.65
2019-06-10 04:00:00,212.88,288.97
2019-06-11 04:00:00,217.1,288.9
2019-06-12 04:00:00,209.26,288.39
2019-06-13 04:00:00,213.91,289.58
2019-06-14 04:00:00,214.92,289.26
2019-06-17 04:00:00,225.03,289.37
2019-06-18 04:00:00,224.74,292.4
2019-06-19 04:00:00,226.43,293.06
2019-06-20 04:00:00,219.62,295.86
2019-06-21 04:00:00,221.86,294.0
2019-06-24 04:00:00,223.64,293.64
2019-06-25 04:00:00,219.76,290.76
2019-06-26 04:00:00,219.27,290.47
2019-06-27 04:00:00,222.84,291.5
2019-06-28 04:00:00,223.46,293.0
2019-07-01 04:00:00,227.17,295.66
2019-07-02 04:00:00,224.55,296.43
2019-07-03 04:00:00,234.9,298.8
2019-07-05 04:00:00,233.1,298.46
2019-07-08 04:00:00,230.34,296.82
2019-07-09 04:00:00,230.06,297.19
2019-07-10 04:00:00,238.92,298.61
2019-07-11 04:00:00,238.6,299.31
2019-07-12 04:00:00,245.08,300.65
2019-07-15 04:00:00,253.5,300.75
2019-07-16 04:00:00,252.38,299.71
2019-07-17 04:00:00,254.86,297.74
2019-07-18 04:00:00,253.54,298.83
2019-07-19 04:00:00,258.18,297.17
2019-07-22 04:00:00,255.68,297.9
2019-07-23 04:00:00,260.17,300.03
2019-07-24 04:00:00,264.88,301.44
2019-07-25 04:00:00,228.82,300.0
2019-07-26 04:00:00,228.04,302.01
2019-07-29 04:00:00,235.77,301.46
2019-07-30 04:00:00,242.26,300.72
2019-07-31 04:00:00,241.61,297.43
2019-08-01 04:00:00,233.85,294.84
2019-08-02 04:00:00,234.34,292.62
2019-08-05 04:00:00,228.32,283.82
2019-08-06 04:00:00,230.75,287.8
2019-08-07 04:00:00,233.42,287.97
2019-08-08 04:00:00,238.3,293.62
2019-08-09 04:00:00,235.01,291.62
2019-08-12 04:00:00,229.01,288.07
2019-08-13 04:00:00,235.0,292.55
2019-08-14 04:00:00,219.62,283.9
2019-08-15 04:00:00,215.64,284.65
2019-08-16 04:00:00,219.94,288.85
2019-08-19 04:00:00,226.83,292.33
2019-08-20 04:00:00,225.86,290.09
2019-08-21 04:00:00,220.83,292.45
2019-08-22 04:00:00,222.15,292.36
2019-08-23 04:00:00,211.4,284.85
2019-08-26 04:00:00,215.0,288.0
2019-08-27 04:00:00,214.08,286.87
2019-08-28 04:00:00,215.59,288.89
2019-08-29 04:00:00,221.71,292.58
2019-08-30 04:00:00,225.61,292.45
2019-09-03 04:00:00,225.01,290.74
2019-09-04 04:00:00,220.68,294.04
2019-09-05 04:00:00,229.58,297.82
2019-09-06 04:00:00,227.45,298.05
2019-09-09 04:00:00,231.79,298.2
2019-09-10 04:00:00,235.54,298.13
2019-09-11 04:00:00,247.1,300.25
2019-09-12 04:00:00,245.87,301.29
2019-09-13 04:00:00,245.2,301.09
2019-09-16 04:00:00,242.81,300.16
2019-09-17 04:00:00,244.79,300.92
2019-09-18 04:00:00,243.49,301.1
2019-09-19 04:00:00,246.6,301.08
2019-09-20 04:00:00,240.62,298.28
2019-09-23 04:00:00,241.23,298.21
2019-09-24 04:00:00,223.21,295.87
2019-09-25 04:00:00,228.7,297.62
2019-09-26 04:00:00,242.56,297.0
2019-09-27 04:00:00,242.13,295.4
2019-09-30 04:00:00,240.87,296.77
2019-10-01 04:00:00,244.69,293.24
2019-10-02 04:00:00,243.13,288.06
2019-10-03 04:00:00,233.03,290.42
2019-10-04 04:00:00,231.43,294.35
2019-10-07 04:00:00,237.72,293.08
2019-10-08 04:00:00,240.05,288.53
2019-10-09 04:00:00,244.53,291.27
2019-10-10 04:00:00,244.74,293.24
2019-10-11 04:00:00,247.89,296.28
2019-10-14 04:00:00,256.96,295.95
2019-10-15 04:00:00,257.89,298.88
2019-10-16 04:00:00,259.75,298.4
2019-10-17 04:00:00,261.97,299.28
2019-10-18 04:00:00,256.95,297.97
2019-10-21 04:00:00,253.5,299.99
2019-10-22 04:00:00,255.58,299.01
2019-10-23 04:00:00,254.68,299.88
2019-10-24 04:00:00,299.68,300.37
2019-10-25 04:00:00,328.13,301.6
2019-10-28 04:00:00,327.71,303.3
2019-10-29 04:00:00,316.22,303.21
2019-10-30 04:00:00,315.01,304.14
2019-10-31 04:00:00,314.92,303.33
2019-11-01 04:00:00,313.31,306.14
2019-11-04 05:00:00,317.47,307.37
2019-11-05 05:00:00,317.22,307.03
2019-11-06 05:00:00,326.58,307.1
2019-11-07 05:00:00,335.54,308.18
2019-11-08 05:00:00,337.14,308.94
2019-11-11 05:00:00,345.09,308.35
2019-11-12 05:00:00,349.93,309.0
2019-11-13 05:00:00,346.11,309.1
2019-11-14 05:00:00,349.35,309.55
2019-11-15 05:00:00,352.17,311.79
2019-11-18 05:00:00,349.99,312.02
2019-11-19 05:00:00,359.52,311.93
2019-11-20 05:00:00,352.22,310.77
2019-11-21 05:00:00,354.83,310.27
2019-11-22 05:00:00,333.04,310.96
2019-11-25 05:00:00,336.34,313.37
2019-11-26 05:00:00,328.92,314.08
2019-11-27 05:00:00,331.29,315.48
2019-11-29 05:00:00,329.94,314.31
2019-12-02 05:00:00,334.87,311.64
2019-12-03 05:00:00,336.2,309.55
2019-12-04 05:00:00,333.03,311.46
2019-12-05 05:00:00,330.37,312.02
2019-12-06 05:00:00,335.89,314.87
2019-12-09 05:00:00,339.53,313.88
2019-12-10 05:00:00,348.84,313.53
2019-12-11 05:00:00,352.7,314.42
2019-12-12 05:00:00,359.68,317.13
2019-12-13 05:00:00,358.39,317.32
2019-12-16 05:00:00,381.5,319.5
2019-12-17 05:00:00,378.99,319.57
2019-12-18 05:00:00,393.15,319.59
2019-12-19 05:00:00,404.04,320.9
2019-12-20 05:00:00,405.59,320.73
2019-12-23 05:00:00,419.22,321.22
2019-12-24 05:00:00,425.25,321.23
2019-12-26 05:00:00,430.94,322.94
2019-12-27 05:00:00,430.38,322.86
2019-12-30 05:00:00,414.7,321.08
2019-12-31 05:00:00,418.33,321.86
2020-01-02 05:00:00,430.26,324.87
2020-01-03 05:00:00,443.01,322.41
2020-01-06 05:00:00,451.54,323.64
2020-01-07 05:00:00,469.06,322.73
2020-01-08 05:00:00,492.14,324.45
2020-01-09 05:00:00,481.34,326.65
2020-01-10 05:00:00,478.15,325.71
2020-01-13 05:00:00,524.86,327.95
2020-01-14 05:00:00,537.92,327.45
2020-01-15 05:00:00,518.5,328.19
2020-01-16 05:00:00,513.49,330.92
2020-01-17 05:00:00,510.5,331.95
2020-01-21 05:00:00,547.2,331.3
2020-01-22 05:00:00,569.56,331.34
2020-01-23 05:00:00,572.2,331.72
2020-01-24 05:00:00,564.82,328.77
2020-01-27 05:00:00,558.02,323.5
2020-01-28 05:00:00,566.9,326.89
2020-01-29 05:00:00,580.99,326.62
2020-01-30 05:00:00,640.81,327.68
2020-01-31 05:00:00,650.57,321.73
2020-02-03 05:00:00,780.0,324.12
2020-02-04 05:00:00,887.06,329.06
2020-02-05 05:00:00,734.7,332.86
2020-02-06 05:00:00,748.96,333.98
2020-02-07 05:00:00,748.07,332.2
2020-02-10 05:00:00,771.28,334.68
2020-02-11 05:00:00,774.38,335.26
2020-02-12 05:00:00,767.29,337.42
2020-02-13 05:00:00,804.0,337.06
2020-02-14 05:00:00,800.03,337.6
2020-02-18 05:00:00,858.4,336.73
2020-02-19 05:00:00,917.42,338.34
2020-02-20 05:00:00,899.41,336.95
2020-02-21 05:00:00,901.0,333.48
2020-02-24 05:00:00,833.79,322.42
2020-02-25 05:00:00,799.91,312.65
2020-02-26 05:00:00,778.8,311.5
2020-02-27 05:00:00,679.0,297.51
2020-02-28 05:00:00,667.99,296.26
2020-03-02 05:00:00,743.62,309.09
2020-03-03 05:00:00,745.51,300.24
2020-03-04 05:00:00,749.5,312.86
2020-03-05 05:00:00,724.54,302.46
2020-03-06 05:00:00,703.48,297.46
2020-03-09 04:00:00,608.0,274.23
2020-03-10 04:00:00,645.33,288.42
2020-03-11 04:00:00,634.23,274.36
2020-03-12 04:00:00,560.55,248.11
2020-03-13 04:00:00,546.62,269.32
2020-03-16 04:00:00,445.07,239.85
2020-03-17 04:00:00,430.2,252.8
2020-03-18 04:00:00,361.22,240.0
2020-03-19 04:00:00,427.64,240.51
2020-03-20 04:00:00,427.53,228.8
2020-03-23 04:00:00,434.29,222.95
2020-03-24 04:00:00,505.0,243.15
2020-03-25 04:00:00,539.25,246.79
2020-03-26 04:00:00,528.16,261.2
2020-03-27 04:00:00,514.36,253.42
2020-03-30 04:00:00,502.13,261.65
2020-03-31 04:00:00,524.0,257.75
2020-04-01 04:00:00,481.56,246.15
2020-04-02 04:00:00,454.47,251.83
2020-04-03 04:00:00,480.01,248.19
2020-04-06 04:00:00,516.24,264.86
2020-04-07 04:00:00,545.45,265.13
2020-04-08 04:00:00,548.84,274.03
2020-04-09 04:00:00,573.0,278.2
2020-04-13 04:00:00,650.95,275.66
2020-04-14 04:00:00,709.89,283.79
2020-04-15 04:00:00,729.83,277.76
2020-04-16 04:00:00,745.21,279.1
2020-04-17 04:00:00,753.89,286.64
2020-04-20 04:00:00,746.36,281.59
2020-04-21 04:00:00,686.72,273.04
2020-04-22 04:00:00,732.11,279.1
2020-04-23 04:00:00,705.63,279.08
2020-04-24 04:00:00,725.15,282.97
2020-04-27 04:00:00,798.75,287.05
2020-04-28 04:00:00,769.12,285.73
2020-04-29 04:00:00,800.51,293.21
2020-04-30 04:00:00,781.88,290.48
2020-05-01 04:00:00,701.32,282.79
2020-05-04 04:00:00,761.19,283.57
2020-05-05 04:00:00,768.21,286.19
2020-05-06 04:00:00,782.58,284.25
2020-05-07 04:00:00,780.04,287.68
2020-05-08 04:00:00,819.42,292.44
2020-05-11 04:00:00,811.29,292.5
2020-05-12 04:00:00,809.41,286.67
2020-05-13 04:00:00,790.96,281.6
2020-05-14 04:00:00,803.33,284.97
2020-05-15 04:00:00,799.17,286.28
2020-05-18 04:00:00,813.63,295.0
2020-05-19 04:00:00,808.01,291.97
2020-05-20 04:00:00,815.56,296.93
2020-05-21 04:00:00,827.6,294.88
2020-05-22 04:00:00,816.88,295.44
2020-05-26 04:00:00,818.87,299.08
2020-05-27 04:00:00,820.23,303.53
2020-05-28 04:00:00,805.81,302.97
2020-05-29 04:00:00,835.0,304.32
2020-06-01 04:00:00,898.1,305.55
2020-06-02 04:00:00,881.56,308.08
2020-06-03 04:00:00,882.96,312.18
2020-06-04 04:00:00,864.38,311.36
2020-06-05 04:00:00,885.66,319.34
2020-06-08 04:00:00,949.92,323.2
2020-06-09 04:00:00,940.67,320.79
2020-06-10 04:00:00,1025.05,319.0
2020-06-11 04:00:00,972.84,300.61
2020-06-12 04:00:00,935.28,304.21
2020-06-15 04:00:00,990.9,307.05
2020-06-16 04:00:00,982.13,312.96
2020-06-17 04:00:00,991.79,311.66
2020-06-18 04:00:00,1003.96,311.78
2020-06-19 04:00:00,1000.9,308.64
2020-06-22 04:00:00,994.32,310.62
2020-06-23 04:00:00,1001.78,312.05
2020-06-24 04:00:00,960.85,304.09
2020-06-25 04:00:00,985.98,307.35
2020-06-26 04:00:00,959.74,300.05
2020-06-29 04:00:00,1009.35,304.46
2020-06-30 04:00:00,1079.81,308.36
2020-07-01 04:00:00,1119.63,310.52
2020-07-02 04:00:00,1208.66,312.23
2020-07-06 04:00:00,1371.58,317.05
2020-07-07 04:00:00,1389.86,313.78
2020-07-08 04:00:00,1365.88,316.18
2020-07-09 04:00:00,1394.28,314.38
2020-07-10 04:00:00,1544.65,317.59
2020-07-13 04:00:00,1497.06,314.84
2020-07-14 04:00:00,1516.8,318.92
2020-07-15 04:00:00,1546.01,321.85
2020-07-16 04:00:00,1500.64,320.79
2020-07-17 04:00:00,1500.84,321.72
2020-07-20 04:00:00,1643.0,324.32
2020-07-21 04:00:00,1568.36,325.01
2020-07-22 04:00:00,1592.33,326.86
2020-07-23 04:00:00,1513.07,322.96
2020-07-24 04:00:00,1417.0,320.88
2020-07-27 04:00:00,1539.6,323.22
2020-07-28 04:00:00,1476.49,321.17
2020-07-29 04:00:00,1499.11,325.12
2020-07-30 04:00:00,1487.49,323.96
2020-07-31 04:00:00,1430.76,326.52
2020-08-03 04:00:00,1485.0,328.79
2020-08-04 04:00:00,1487.0,330.06
2020-08-05 04:00:00,1485.02,332.11
2020-08-06 04:00:00,1489.58,334.33
2020-08-07 04:00:00,1452.71,334.57
2020-08-10 04:00:00,1418.57,335.57
2020-08-11 04:00:00,1374.39,332.8
2020-08-12 04:00:00,1554.76,337.44
2020-08-13 04:00:00,1621.0,336.83
2020-08-14 04:00:00,1650.71,336.84
2020-08-17 04:00:00,1835.64,337.91
2020-08-18 04:00:00,1887.09,338.64
2020-08-19 04:00:00,1878.53,337.23
2020-08-20 04:00:00,2001.83,338.28
2020-08-21 04:00:00,2049.98,339.48
2020-08-24 04:00:00,2014.2,342.92
2020-08-25 04:00:00,2023.34,344.12
2020-08-26 04:00:00,2153.17,347.57
2020-08-27 04:00:00,2238.75,348.33
2020-08-28 04:00:00,2213.4,350.58
2020-08-31 04:00:00,498.32,349.31
2020-09-01 04:00:00,475.05,352.6
2020-09-02 04:00:00,447.37,357.7
2020-09-03 04:00:00,407.0,345.39
2020-09-04 04:00:00,418.32,342.57
2020-09-08 04:00:00,330.21,333.21
2020-09-09 04:00:00,366.28,339.79
2020-09-10 04:00:00,371.34,333.89
2020-09-11 04:00:00,372.72,334.06
2020-09-14 04:00:00,419.62,338.46
2020-09-15 04:00:00,449.76,340.17
2020-09-16 04:00:00,441.76,338.82
2020-09-17 04:00:00,423.43,335.84
2020-09-18 04:00:00,442.15,330.65
2020-09-21 04:00:00,449.39,326.97
2020-09-22 04:00:00,424.23,330.3
2020-09-23 04:00:00,380.36,322.64
2020-09-24 04:00:00,387.79,323.5
2020-09-25 04:00:00,407.34,328.73
2020-09-28 04:00:00,421.2,334.19
2020-09-29 04:00:00,419.07,332.37
2020-09-30 04:00:00,429.01,334.89
2020-10-01 04:00:00,448.16,337.04
2020-10-02 04:00:00,415.09,333.84
2020-10-05 04:00:00,425.68,339.76
2020-10-06 04:00:00,413.98,334.93
2020-10-07 04:00:00,425.3,340.76
2020-10-08 04:00:00,425.92,343.78
2020-10-09 04:00:00,434.0,346.85
2020-10-12 04:00:00,442.3,352.43
2020-10-13 04:00:00,446.65,350.13
2020-10-14 04:00:00,461.3,347.93
2020-10-15 04:00:00,448.88,347.5
2020-10-16 04:00:00,439.67,347.29
2020-10-19 04:00:00,430.83,342.01
2020-10-20 04:00:00,421.94,343.38
2020-10-21 04:00:00,422.64,342.73
2020-10-22 04:00:00,425.79,344.61
2020-10-23 04:00:00,420.63,345.78
2020-10-26 04:00:00,420.28,339.39
2020-10-27 04:00:00,424.68,338.22
2020-10-28 04:00:00,406.02,326.66
2020-10-29 04:00:00,410.83,329.98
2020-10-30 04:00:00,388.04,326.54
2020-11-02 05:00:00,400.51,330.2
2020-11-03 05:00:00,423.9,336.03
2020-11-04 05:00:00,420.98,343.54
2020-11-05 05:00:00,438.09,350.24
2020-11-06 05:00:00,429.95,350.16
2020-11-09 05:00:00,421.26,354.56
2020-11-10 05:00:00,410.36,354.04
2020-11-11 05:00:00,417.13,356.67
2020-11-12 05:00:00,411.76,353.21
2020-11-13 05:00:00,408.5,358.1
2020-11-16 05:00:00,408.09,362.57
2020-11-17 05:00:00,441.61,360.62
2020-11-18 05:00:00,486.64,356.28
2020-11-19 05:00:00,499.27,357.78
2020-11-20 05:00:00,489.61,355.33
2020-11-23 05:00:00,521.85,357.46
2020-11-24 05:00:00,555.38,363.22
2020-11-25 05:00:00,574.0,362.66
2020-11-27 05:00:00,585.76,363.67
2020-11-30 05:00:00,567.6,362.06
2020-12-01 05:00:00,584.76,366.02
2020-12-02 05:00:00,568.82,366.79
2020-12-03 05:00:00,593.38,366.69
2020-12-04 05:00:00,599.04,369.85
2020-12-07 05:00:00,641.76,369.09
2020-12-08 05:00:00,649.88,370.17
2020-12-09 05:00:00,604.48,366.85
2020-12-10 05:00:00,627.07,366.73
2020-12-11 05:00:00,609.99,366.3
2020-12-14 05:00:00,639.83,364.66
2020-12-15 05:00:00,633.25,369.59
2020-12-16 05:00:00,622.77,370.17
2020-12-17 05:00:00,655.9,372.24
2020-12-18 05:00:00,695.0,369.18
2020-12-21 05:00:00,649.86,367.86
2020-12-22 05:00:00,640.34,367.24
2020-12-23 05:00:00,645.98,367.57
2020-12-24 05:00:00,661.77,369.0
2020-12-28 05:00:00,663.69,372.17
2020-12-29 05:00:00,665.99,371.46
2020-12-30 05:00:00,694.78,371.99
2020-12-31 05:00:00,705.67,373.88
2021-01-04 05:00:00,729.77,368.79
2021-01-05 05:00:00,735.11,371.33
2021-01-06 05:00:00,755.98,373.55
2021-01-07 05:00:00,816.04,379.1
2021-01-08 05:00:00,880.02,381.26
2021-01-11 05:00:00,811.19,378.69
2021-01-12 05:00:00,849.44,378.77
2021-01-13 05:00:00,854.41,379.79
2021-01-14 05:00:00,845.0,378.46
2021-01-15 05:00:00,826.16,375.7
2021-01-19 05:00:00,844.55,378.65
2021-01-20 05:00:00,850.45,383.89
2021-01-21 05:00:00,844.99,384.24
2021-01-22 05:00:00,846.64,382.88
2021-01-25 05:00:00,880.8,384.39
2021-01-26 05:00:00,883.09,383.79
2021-01-27 05:00:00,864.16,374.41
2021-01-28 05:00:00,835.43,377.63
2021-01-29 05:00:00,793.53,370.07
2021-02-01 05:00:00,839.81,376.23
2021-02-02 05:00:00,872.79,381.55
2021-02-03 05:00:00,854.69,381.85
2021-02-04 05:00:00,849.99,386.19
2021-02-05 05:00:00,852.23,387.71
2021-02-08 05:00:00,863.42,390.51
2021-02-09 05:00:00,849.46,390.25
2021-02-10 05:00:00,804.82,390.08
2021-02-11 05:00:00,811.66,390.71
2021-02-12 05:00:00,816.12,392.64
2021-02-16 05:00:00,796.22,392.3
2021-02-17 05:00:00,798.15,392.39
2021-02-18 05:00:00,787.38,390.72
2021-02-19 05:00:00,781.3,390.03
2021-02-22 05:00:00,714.5,387.03
2021-02-23 05:00:00,698.84,387.5
2021-02-24 05:00:00,742.02,391.77
2021-02-25 05:00:00,682.22,382.33
2021-02-26 05:00:00,675.5,380.36
2021-03-01 05:00:00,718.43,389.58
2021-03-02 05:00:00,686.44,386.54
2021-03-03 05:00:00,653.2,381.42
2021-03-04 05:00:00,621.44,376.7
2021-03-05 05:00:00,597.95,383.63
2021-03-08 05:00:00,563.0,381.72
2021-03-09 05:00:00,673.58,387.17
2021-03-10 05:00:00,668.06,389.58
2021-03-11 05:00:00,699.6,393.53
2021-03-12 05:00:00,693.73,394.06
2021-03-15 04:00:00,707.94,396.41
2021-03-16 04:00:00,676.88,395.91
2021-03-17 04:00:00,701.81,397.26
2021-03-18 04:00:00,653.16,391.48
2021-03-19 04:00:00,654.87,389.48
2021-03-22 04:00:00,670.0,392.59
2021-03-23 04:00:00,662.16,389.5
2021-03-24 04:00:00,630.27,387.52
2021-03-25 04:00:00,640.39,389.7
2021-03-26 04:00:00,618.71,395.98
2021-03-29 04:00:00,611.29,395.78
2021-03-30 04:00:00,635.62,394.73
2021-03-31 04:00:00,667.93,396.33
2021-04-01 04:00:00,661.75,400.61
2021-04-05 04:00:00,691.05,406.36
2021-04-06 04:00:00,691.62,406.12
2021-04-07 04:00:00,670.97,406.59
2021-04-08 04:00:00,683.8,408.52
2021-04-09 04:00:00,677.02,411.49
2021-04-12 04:00:00,701.1,411.64
2021-04-13 04:00:00,762.35,412.86
2021-04-14 04:00:00,732.73,411.45
2021-04-15 04:00:00,738.7,415.87
2021-04-16 04:00:00,739.395,417.26
2021-04-19 04:00:00,714.98,415.21
2021-04-20 04:00:00,718.79,412.17
2021-04-21 04:00:00,743.91,416.07
2021-04-22 04:00:00,719.69,412.27
2021-04-23 04:00:00,729.4,416.74
2021-04-26 04:00:00,738.2,417.61
2021-04-27 04:00:00,704.74,417.52
2021-04-28 04:00:00,694.4,417.4
2021-04-29 04:00:00,677.0,420.06
2021-04-30 04:00:00,709.44,417.3
2021-05-03 04:00:00,684.9,418.2
2021-05-04 04:00:00,673.6,415.62
2021-05-05 04:00:00,670.94,415.75
2021-05-06 04:00:00,663.7,419.07
2021-05-07 04:00:00,672.37,422.12
2021-05-10 04:00:00,629.04,417.94
2021-05-11 04:00:00,617.2,414.21
2021-05-12 04:00:00,589.8903,405.41
2021-05-13 04:00:00,571.4,410.28
2021-05-14 04:00:00,589.72,416.58
2021-05-17 04:00:00,576.83,415.52
2021-05-18 04:00:00,577.87,411.94
2021-05-19 04:00:00,563.46,410.86
2021-05-20 04:00:00,586.78,415.28
2021-05-21 04:00:00,580.88,414.94
2021-05-24 04:00:00,606.44,419.17
2021-05-25 04:00:00,604.69,418.24
2021-05-26 04:00:00,619.13,419.07
2021-05-27 04:00:00,630.85,419.29
2021-05-28 04:00:00,625.22,420.04
2021-06-01 04:00:00,623.9,419.67
2021-06-02 04:00:00,605.12,420.33
2021-06-03 04:00:00,572.84,418.77
2021-06-04 04:00:00,599.05,422.6
2021-06-07 04:00:00,605.13,422.19
2021-06-08 04:00:00,603.59,422.28
2021-06-09 04:00:00,598.78,421.65
2021-06-10 04:00:00,610.12,423.61
2021-06-11 04:00:00,609.89,424.31
2021-06-14 04:00:00,617.69,425.26
2021-06-15 04:00:00,599.36,424.48
2021-06-16 04:00:00,604.87,422.11
2021-06-17 04:00:00,616.6,421.97
2021-06-18 04:00:00,623.31,414.92
2021-06-21 04:00:00,620.83,420.86
2021-06-22 04:00:00,623.71,423.11
2021-06-23 04:00:00,656.57,422.6
2021-06-24 04:00:00,679.82,425.1
2021-06-25 04:00:00,671.87,426.61
2021-06-28 04:00:00,688.72,427.47
2021-06-29 04:00:00,680.76,427.7
2021-06-30 04:00:00,679.7,428.06
2021-07-01 04:00:00,677.92,430.43
2021-07-02 04:00:00,678.9,433.72
2021-07-06 04:00:00,659.58,432.93
2021-07-07 04:00:00,644.65,434.46
2021-07-08 04:00:00,652.81,430.92
2021-07-09 04:00:00,656.95,435.52
2021-07-12 04:00:00,685.7,437.08
2021-07-13 04:00:00,668.54,435.59
2021-07-14 04:00:00,653.38,436.24
2021-07-15 04:00:00,650.6,434.75
2021-07-16 04:00:00,644.22,431.34
2021-07-19 04:00:00,646.22,424.97
2021-07-20 04:00:00,660.5,431.06
2021-07-21 04:00:00,655.29,434.55
2021-07-22 04:00:00,649.26,435.46
2021-07-23 04:00:00,643.38,439.94
2021-07-26 04:00:00,657.62,441.02
2021-07-27 04:00:00,644.78,439.01
2021-07-28 04:00:00,646.98,438.83
2021-07-29 04:00:00,677.35,440.65
2021-07-30 04:00:00,687.2,438.51
2021-08-02 04:00:00,709.67,437.59
2021-08-03 04:00:00,709.74,441.15
2021-08-04 04:00:00,710.92,438.98
2021-08-05 04:00:00,714.63,441.76
2021-08-06 04:00:00,699.1,442.49
2021-08-09 04:00:00,713.76,442.13
2021-08-10 04:00:00,709.99,442.68
2021-08-11 04:00:00,707.82,443.78
2021-08-12 04:00:00,722.25,445.11
2021-08-13 04:00:00,717.17,445.92
2021-08-16 04:00:00,686.17,446.97
2021-08-17 04:00:00,665.71,444.04
2021-08-18 04:00:00,688.99,439.18
2021-08-19 04:00:00,673.47,439.86
2021-08-20 04:00:00,680.26,443.36
2021-08-23 04:00:00,706.3,447.26
2021-08-24 04:00:00,708.49,447.97
2021-08-25 04:00:00,711.2,448.91
2021-08-26 04:00:00,701.16,446.26
2021-08-27 04:00:00,711.92,450.25
2021-08-30 04:00:00,730.91,452.23
2021-08-31 04:00:00,735.72,451.56
2021-09-01 04:00:00,734.09,451.8
2021-09-02 04:00:00,732.39,453.19
2021-09-03 04:00:00,733.57,453.08
2021-09-07 04:00:00,752.92,451.46
2021-09-08 04:00:00,753.87,450.91
2021-09-09 04:00:00,754.86,448.98
2021-09-10 04:00:00,736.27,445.44
2021-09-13 04:00:00,743.0,446.58
2021-09-14 04:00:00,744.49,444.17
2021-09-15 04:00:00,755.83,447.88
2021-09-16 04:00:00,756.99,447.17
2021-09-17 04:00:00,759.49,441.4
2021-09-20 04:00:00,730.17,434.04
2021-09-21 04:00:00,739.38,433.63
2021-09-22 04:00:00,751.94,437.86
2021-09-23 04:00:00,753.64,443.18
2021-09-24 04:00:00,774.39,443.91
2021-09-27 04:00:00,791.36,442.64
2021-09-28 04:00:00,777.56,433.72
2021-09-29 04:00:00,781.31,434.45
2021-09-30 04:00:00,775.48,429.14
2021-10-01 04:00:00,775.22,434.24
2021-10-04 04:00:00,781.53,428.64
2021-10-05 04:00:00,780.59,433.1
2021-10-06 04:00:00,782.75,434.9
2021-10-07 04:00:00,793.61,438.66
2021-10-08 04:00:00,785.49,437.86
2021-10-11 04:00:00,791.94,434.69
2021-10-12 04:00:00,805.72,433.62
2021-10-13 04:00:00,811.08,435.18
2021-10-14 04:00:00,818.32,442.5
2021-10-15 04:00:00,843.03,445.87
2021-10-18 04:00:00,870.11,447.19
2021-10-19 04:00:00,864.27,450.64
2021-10-20 04:00:00,865.8,452.41
2021-10-21 04:00:00,894.0,453.59
2021-10-22 04:00:00,909.68,453.12
2021-10-25 04:00:00,1024.86,455.55
2021-10-26 04:00:00,1018.43,455.96
2021-10-27 04:00:00,1037.86,453.94
2021-10-28 04:00:00,1077.04,458.32
2021-10-29 04:00:00,1114.0,459.25
2021-11-01 04:00:00,1208.59,460.04
2021-11-02 04:00:00,1172.0,461.9
2021-11-03 04:00:00,1213.86,464.72
2021-11-04 04:00:00,1229.91,466.91
2021-11-05 04:00:00,1222.09,468.53
2021-11-08 05:00:00,1162.94,468.93
2021-11-09 05:00:00,1023.5,467.38
2021-11-10 05:00:00,1067.95,463.62
2021-11-11 05:00:00,1063.51,463.77
2021-11-12 05:00:00,1033.42,467.27
2021-11-15 05:00:00,1013.39,467.43
2021-11-16 05:00:00,1054.73,469.28
2021-11-17 05:00:00,1089.01,468.14
2021-11-18 05:00:00,1096.38,469.73
2021-11-19 05:00:00,1137.06,468.89
2021-11-22 05:00:00,1156.87,467.57
2021-11-23 05:00:00,1109.03,468.19
2021-11-24 05:00:00,1116.0,469.44
2021-11-26 05:00:00,1081.92,458.97
2021-11-29 05:00:00,1136.99,464.6
2021-11-30 05:00:00,1144.76,455.56
2021-12-01 05:00:00,1095.0,450.5
2021-12-02 05:00:00,1084.6,457.4
2021-12-03 05:00:00,1014.97,453.42
2021-12-06 05:00:00,1009.01,458.79
2021-12-07 05:00:00,1051.75,468.28
2021-12-08 05:00:00,1068.96,469.52
2021-12-09 05:00:00,1003.8,466.35
2021-12-10 05:00:00,1017.03,470.74
2021-12-13 05:00:00,966.41,466.57
2021-12-14 05:00:00,958.51,463.36
2021-12-15 05:00:00,975.99,470.6
2021-12-16 05:00:00,926.92,466.45
2021-12-17 05:00:00,932.57,459.87
2021-12-20 05:00:00,899.94,454.98
2021-12-21 05:00:00,938.53,463.06
2021-12-22 05:00:00,1008.87,467.69
2021-12-23 05:00:00,1067.0,470.6
2021-12-27 05:00:00,1093.94,477.26
2021-12-28 05:00:00,1088.47,476.87
2021-12-29 05:00:00,1086.19,477.48
2021-12-30 05:00:00,1070.34,476.16
2021-12-31 05:00:00,1056.78,474.96
2022-01-03 05:00:00,1199.78,477.71
2022-01-04 05:00:00,1149.59,477.55
2022-01-05 05:00:00,1088.12,468.38
2022-01-06 05:00:00,1064.7,467.94
2022-01-07 05:00:00,1026.96,466.09
2022-01-10 05:00:00,1058.12,465.51
2022-01-11 05:00:00,1064.4,469.75
2022-01-12 05:00:00,1106.22,471.02
2022-01-13 05:00:00,1031.56,464.53
2022-01-14 05:00:00,1049.61,464.72
2022-01-18 05:00:00,1030.51,456.49
2022-01-19 05:00:00,995.65,451.75
2022-01-20 05:00:00,996.27,446.75
2022-01-21 05:00:00,943.9,437.98
2022-01-24 05:00:00,930.0,439.84
2022-01-25 05:00:00,918.4,434.47
2022-01-26 05:00:00,937.41,433.38
2022-01-27 05:00:00,829.1,431.24
2022-01-28 05:00:00,846.35,441.95
2022-01-31 05:00:00,936.72,449.91
2022-02-01 05:00:00,931.25,452.95
2022-02-02 05:00:00,905.66,457.35
2022-02-03 05:00:00,891.14,446.6
2022-02-04 05:00:00,923.32,448.7
2022-02-07 05:00:00,907.34,447.26
2022-02-08 05:00:00,922.0,450.94
2022-02-09 05:00:00,932.0,457.54
2022-02-10 05:00:00,904.55,449.32
2022-02-11 05:00:00,860.0,440.46
2022-02-14 05:00:00,875.76,439.02
2022-02-15 05:00:00,922.43,446.1
2022-02-16 05:00:00,923.39,446.6
2022-02-17 05:00:00,876.35,437.08
2022-02-18 05:00:00,856.98,434.31
2022-02-22 05:00:00,821.53,429.57
2022-02-23 05:00:00,764.04,422.07
2022-02-24 05:00:00,800.77,428.3
2022-02-25 05:00:00,809.87,437.75
2022-02-28 05:00:00,870.43,436.63
2022-03-01 05:00:00,864.37,429.98
2022-03-02 05:00:00,879.89,437.89
2022-03-03 05:00:00,839.29,435.77
2022-03-04 05:00:00,838.29,432.1
2022-03-07 05:00:00,804.58,419.43
2022-03-08 05:00:00,824.4,416.25
2022-03-09 05:00:00,858.97,427.33
2022-03-10 05:00:00,838.3,425.48
2022-03-11 05:00:00,795.35,420.07
2022-03-14 04:00:00,766.03,417.0
2022-03-15 04:00:00,801.89,426.17
2022-03-16 04:00:00,840.23,435.55
2022-03-17 04:00:00,871.6,441.07
2022-03-18 04:00:00,905.39,444.31
2022-03-21 04:00:00,921.16,444.3
2022-03-22 04:00:00,993.98,449.59
2022-03-23 04:00:00,999.11,443.8
2022-03-24 04:00:00,1013.92,450.48
2022-03-25 04:00:00,1010.64,452.69
2022-03-28 04:00:00,1091.84,455.91
2022-03-29 04:00:00,1099.57,461.55
2022-03-30 04:00:00,1093.99,458.7
2022-03-31 04:00:00,1077.6,452.11
2022-04-01 04:00:00,1084.59,452.92
2022-04-04 04:00:00,1145.45,456.8
2022-04-05 04:00:00,1091.26,451.03
2022-04-06 04:00:00,1045.54,446.52
2022-04-07 04:00:00,1057.01,448.79
2022-04-08 04:00:00,1025.49,447.57
2022-04-11 04:00:00,975.73,439.92
2022-04-12 04:00:00,986.95,438.29
2022-04-13 04:00:00,1022.37,443.31
2022-04-14 04:00:00,985.0,437.79
2022-04-18 04:00:00,1004.29,437.97
2022-04-19 04:00:00,1028.15,445.04
2022-04-20 04:00:00,977.2,444.71
2022-04-21 04:00:00,1008.78,438.06
2022-04-22 04:00:00,1005.05,426.04
2022-04-25 04:00:00,998.02,428.51
2022-04-26 04:00:00,876.42,416.1
2022-04-27 04:00:00,881.87,417.2
2022-04-28 04:00:00,877.51,427.81
2022-04-29 04:00:00,870.76,412.0
2022-05-02 04:00:00,902.94,414.48
2022-05-03 04:00:00,909.25,416.38
2022-05-04 04:00:00,952.62,429.06
2022-05-05 04:00:00,873.28,413.81
2022-05-06 04:00:00,865.65,411.34
2022-05-09 04:00:00,787.11,398.17
2022-05-10 04:00:00,800.04,399.09
2022-05-11 04:00:00,734.0,392.75
2022-05-12 04:00:00,728.0,392.34
2022-05-13 04:00:00,769.59,401.72
2022-05-16 04:00:00,724.37,400.09
2022-05-17 04:00:00,761.61,408.26
2022-05-18 04:00:00,709.81,391.86
2022-05-19 04:00:00,709.5,389.46
2022-05-20 04:00:00,663.9,389.63
2022-05-23 04:00:00,674.9,397.05
2022-05-24 04:00:00,628.16,393.89
2022-05-25 04:00:00,658.8,397.37
2022-05-26 04:00:00,707.73,405.31
2022-05-27 04:00:00,759.63,415.26
2022-05-31 04:00:00,758.01,412.93
2022-06-01 04:00:00,740.37,409.59
2022-06-02 04:00:00,775.0,417.39
2022-06-03 04:00:00,703.55,410.54
2022-06-06 04:00:00,714.84,411.79
2022-06-07 04:00:00,716.66,415.74
2022-06-08 04:00:00,725.6,411.22
2022-06-09 04:00:00,719.12,401.44
2022-06-10 04:00:00,696.69,389.8
2022-06-13 04:00:00,647.21,375.0
2022-06-14 04:00:00,662.67,373.87
2022-06-15 04:00:00,699.0,379.2
2022-06-16 04:00:00,639.3,366.65
2022-06-17 04:00:00,650.28,365.86
2022-06-21 04:00:00,711.11,375.07
2022-06-22 04:00:00,708.26,374.39
2022-06-23 04:00:00,705.21,378.06
2022-06-24 04:00:00,737.4,390.08
2022-06-27 04:00:00,734.76,388.59
2022-06-28 04:00:00,697.99,380.65
2022-06-29 04:00:00,685.47,380.34
2022-06-30 04:00:00,673.42,377.25
2022-07-01 04:00:00,681.79,381.24
2022-07-05 04:00:00,699.2,381.96
2022-07-06 04:00:00,695.2,383.25
2022-07-07 04:00:00,733.63,388.99
2022-07-08 04:00:00,752.29,388.67
2022-07-11 04:00:00,703.03,384.23
2022-07-12 04:00:00,699.21,380.83
2022-07-13 04:00:00,711.12,378.83
2022-07-14 04:00:00,714.94,377.91
2022-07-15 04:00:00,720.2,385.13
2022-07-18 04:00:00,721.64,381.95
2022-07-19 04:00:00,736.59,392.27
2022-07-20 04:00:00,742.5,394.77
2022-07-21 04:00:00,815.12,398.79
2022-07-22 04:00:00,816.73,395.09
2022-07-25 04:00:00,805.3,395.57
2022-07-26 04:00:00,776.58,390.89
2022-07-27 04:00:00,824.46,401.04
2022-07-28 04:00:00,842.7,406.07
2022-07-29 04:00:00,891.45,411.99
2022-08-01 04:00:00,891.83,410.77
2022-08-02 04:00:00,901.76,408.06
2022-08-03 04:00:00,922.19,414.45
2022-08-04 04:00:00,925.9,414.17
2022-08-05 04:00:00,864.51,413.47
2022-08-08 04:00:00,871.27,412.99
2022-08-09 04:00:00,850.0,411.35
2022-08-10 04:00:00,883.07,419.99
2022-08-11 04:00:00,859.89,419.99
2022-08-12 04:00:00,900.09,427.1
2022-08-15 04:00:00,927.96,428.86
2022-08-16 04:00:00,919.69,429.7
2022-08-17 04:00:00,911.99,426.65
2022-08-18 04:00:00,908.61,427.89
2022-08-19 04:00:00,890.0,422.14
2022-08-22 04:00:00,869.74,413.35
2022-08-23 04:00:00,889.36,412.35
2022-08-24 04:00:00,891.29,413.67
2022-08-25 04:00:00,296.07,419.51
2022-08-26 04:00:00,288.09,405.31
2022-08-29 04:00:00,284.82,402.63
2022-08-30 04:00:00,277.7,398.21
2022-08-31 04:00:00,275.61,395.18
2022-09-01 04:00:00,277.16,396.42
2022-09-02 04:00:00,270.21,392.24
2022-09-06 04:00:00,274.42,390.76
2022-09-07 04:00:00,283.7,397.78
2022-09-08 04:00:00,289.26,400.38
2022-09-09 04:00:00,299.68,406.6
2022-09-12 04:00:00,304.42,410.97
2022-09-13 04:00:00,292.13,393.1
2022-09-14 04:00:00,302.61,394.6
2022-09-15 04:00:00,303.75,390.12
2022-09-16 04:00:00,303.35,385.56
2022-09-19 04:00:00,309.07,388.55
2022-09-20 04:00:00,308.73,384.09
2022-09-21 04:00:00,300.8,377.45
2022-09-22 04:00:00,288.59,374.22
2022-09-23 04:00:00,275.33,367.95
2022-09-26 04:00:00,276.01,364.31
2022-09-27 04:00:00,282.94,363.38
2022-09-28 04:00:00,287.81,370.53
2022-09-29 04:00:00,268.21,362.79
2022-09-30 04:00:00,265.25,357.18
2022-10-03 04:00:00,242.4,366.61
2022-10-04 04:00:00,249.44,377.97
2022-10-05 04:00:00,240.81,377.09
2022-10-06 04:00:00,238.13,373.2
2022-10-07 04:00:00,223.07,362.79
2022-10-10 04:00:00,222.96,360.02
2022-10-11 04:00:00,216.5,357.74
2022-10-12 04:00:00,217.24,356.56
2022-10-13 04:00:00,221.72,365.97
2022-10-14 04:00:00,204.99,357.63
2022-10-17 04:00:00,219.35,366.82
2022-10-18 04:00:00,220.19,371.13
